,year,to_country,performer,song,place_final,points_final
0,1956,Switzerland,Lys Assia,Refrain,2.0,
1,1956,Netherlands,Jetty Paerl,De Vogels Van Holland,2.0,
2,1956,Belgium,Fud Leclerc,Messieurs Les Noyés De La Seine,2.0,
3,1956,Germany,Walter Andreas Schwarz,Im Wartesaal Zum Großen Glück,2.0,
4,1956,France,Mathé Altéry,Le Temps Perdu,2.0,
5,1956,Luxembourg,Michèle Arnaud,Ne Crois Pas,2.0,
6,1956,Italy,Franca Raimondi,Aprite Le Finestre,2.0,
7,1956,Netherlands,Corry Brokken,Voorgoed Voorbij,2.0,
8,1956,Belgium,Mony Marc,Le Plus Beau Jour De Ma Vie,2.0,
9,1956,Germany,Freddy Quinn,So Geht Das Jede Nacht,2.0,
10,1956,France,Dany Dauberson,Il Est Là,2.0,
11,1956,Italy,Tonina Torielli,Amami Se Vuoi,2.0,
12,1957,Netherlands,Corry Brokken,Net Als Toen,1.0,31.0
13,1957,France,Paule Desjardins,La Belle Amour,2.0,17.0
14,1957,Denmark,Birthe Wilke & Gustav Winckler,Skibet Skal Sejle I Nat,3.0,10.0
15,1957,Luxembourg,Danièle Dupré,Amours Mortes (Tant De Peine),4.0,8.0
16,1957,Germany,Margot Hielscher,"Telefon, Telefon",4.0,8.0
17,1957,Italy,Nunzio Gallo,Corde Della Mia Chitarra,6.0,7.0
18,1957,United Kingdom,Patricia Bredin,All,7.0,6.0
19,1957,Belgium,Bobbejaan Schoepen,Straatdeuntje,8.0,5.0
20,1957,Switzerland,Lys Assia,L'enfant Que J'étais,8.0,5.0
21,1957,Austria,Bob Martin,"Wohin, Kleines Pony",10.0,3.0
22,1958,France,André Claveau,Dors Mon Amour,1.0,27.0
23,1958,Switzerland,Lys Assia,Giorgio,2.0,24.0
24,1958,Italy,Domenico Modugno,Nel Blu Dipinto Di Blu,3.0,13.0
25,1958,Sweden,Alice Babs,Lilla Stjärna,4.0,10.0
26,1958,Belgium,Fud Leclerc,Ma Petite Chatte,5.0,8.0
27,1958,Austria,Liane Augustin,Die Ganze Welt Braucht Liebe,5.0,8.0
28,1958,Germany,Margot Hielscher,Für Zwei Groschen Musik,7.0,5.0
29,1958,Denmark,Raquel Rastenni,Jeg Rev Et Blad Ud Af Min Dagbog,8.0,3.0
30,1958,Netherlands,Corry Brokken,Heel De Wereld,9.0,1.0
31,1958,Luxembourg,Solange Berry,Un Grand Amour,9.0,1.0
32,1959,Netherlands,Teddy Scholten,Een Beetje,1.0,21.0
33,1959,United Kingdom,Pearl Carr & Teddy Johnson,Sing Little Birdie,2.0,16.0
34,1959,France,Jean Philippe,"Oui, Oui, Oui, Oui",3.0,15.0
35,1959,Switzerland,Christa Williams,Irgendwoher,4.0,14.0
36,1959,Denmark,Birthe Wilke,"Uh, Jeg Ville Ønske Jeg Var Dig",5.0,12.0
37,1959,Italy,Domenico Modugno,Piove,6.0,9.0
38,1959,Belgium,Bob Benny,Hou Toch Van Mij,6.0,9.0
39,1959,Germany,Alice and Ellen Kessler,Heut' Woll'n Wir Tanzen Geh'n,8.0,5.0
40,1959,Sweden,Brita Borg,Augustin,9.0,4.0
41,1959,Austria,Ferry Graf,Der K. Und K. Kalypso Aus Wien,9.0,4.0
42,1959,Monaco,Jacques Pills,Mon Ami Pierrot,11.0,1.0
43,1960,France,Jacqueline Boyer,Tom Pillibi,1.0,32.0
44,1960,United Kingdom,Bryan Johnson,"Looking High, High, High",2.0,25.0
45,1960,Monaco,François Deguelt,Ce Soir-là,3.0,15.0
46,1960,Norway,Nora Brockstedt,Voi-voi,4.0,11.0
47,1960,Germany,Wyn Hoop,"Bonne Nuit, Ma Chérie!",4.0,11.0
48,1960,Belgium,Fud Leclerc,Mon Amour Pour Toi,6.0,9.0
49,1960,Austria,Harry Winter,Du Hast Mich So Fasziniert,7.0,6.0
50,1960,Switzerland,Anita Traversi,Cielo E Terra,8.0,5.0
51,1960,Italy,Renato Rascel,Romantica,8.0,5.0
52,1960,Sweden,Siw Malmkvist,Alla Andra Får Varann,10.0,4.0
53,1960,Denmark,Katy Bødtger,Det Var En Yndig Tid,10.0,4.0
54,1960,Netherlands,Rudi Carrell,Wat Een Geluk,12.0,2.0
55,1960,Luxembourg,Camillo Felgen,So Laang We's Du Do Bast,13.0,1.0
56,1961,Luxembourg,Jean-Claude Pascal,Nous Les Amoureux,1.0,31.0
57,1961,United Kingdom,The Allisons,Are You Sure?,2.0,24.0
58,1961,Switzerland,Franca di Rienzo,Nous Aurons Demain,3.0,16.0
59,1961,France,Jean-Paul Mauric,Printemps (avril Carillonne),4.0,13.0
60,1961,Denmark,Dario Campeotto,Angelique,5.0,12.0
61,1961,Italy,Betty Curtis,Al Di Là,5.0,12.0
62,1961,Norway,Nora Brockstedt,Sommer i Palma,7.0,10.0
63,1961,Yugoslavia,Ljiljana Petrović,Neke Davne Zvezde,8.0,9.0
64,1961,Spain,Conchita Bautista,Estando Contigo,9.0,8.0
65,1961,Monaco,Colette Deréal,"Allons, Allons Les Enfants",10.0,6.0
66,1961,Finland,Laila Kinnunen,Valoa Ikkunassa,10.0,6.0
67,1961,Netherlands,Greetje Kauffeld,Wat Een Dag,10.0,6.0
68,1961,Germany,Lale Andersen,Einmal Sehen Wir Uns Wieder,13.0,3.0
69,1961,Sweden,Lill-Babs,"April, April",14.0,2.0
70,1961,Austria,Jimmy Makulis,Sehnsucht,15.0,1.0
71,1961,Belgium,Bob Benny,"September, Gouden Roos",15.0,1.0
72,1962,France,Isabelle Aubret,Un Premier Amour,1.0,26.0
73,1962,Monaco,François Deguelt,Dis Rien,2.0,13.0
74,1962,Luxembourg,Camillo Felgen,Petit Bonhomme,3.0,11.0
75,1962,Yugoslavia,Lola Novaković,Ne Pali Svetlo U Sumrak,4.0,10.0
76,1962,United Kingdom,Ronnie Carroll,Ring-a-ding Girl,4.0,10.0
77,1962,Germany,Conny Froboess,Zwei Kleine Italiener,6.0,9.0
78,1962,Finland,Marion Rung,Tipi-tii,7.0,4.0
79,1962,Sweden,Inger Berggren,Sol Och Vår,7.0,4.0
80,1962,Italy,Claudio Villa,"Addio, Addio",9.0,3.0
81,1962,Denmark,Ellen Winther,Vuggevise,10.0,2.0
82,1962,Norway,Inger Jacobsen,"Kom Sol, Kom Regn",10.0,2.0
83,1962,Switzerland,Jean Philippe,Le Retour,10.0,2.0
84,1962,Belgium,Fud Leclerc,Ton Nom,13.0,0.0
85,1962,Spain,Victor Balaguer,Llámame,13.0,0.0
86,1962,Austria,Eleonore Schwarz,Nur In Der Wiener Luft,13.0,0.0
87,1962,Netherlands,De Spelbrekers,Katinka,13.0,0.0
88,1963,Denmark,Grethe & Jørgen Ingmann,Dansevise,1.0,42.0
89,1963,Switzerland,Esther Ofarim,T'en Va Pas,2.0,40.0
90,1963,Italy,Emilio Pericoli,Uno Per Tutte,3.0,37.0
91,1963,United Kingdom,Ronnie Carroll,Say Wonderful Things,4.0,28.0
92,1963,France,Alain Barrière,Elle était Si Jolie,5.0,25.0
93,1963,Monaco,Françoise Hardy,L'amour S'en Va,5.0,25.0
94,1963,Austria,Carmela Corren,Vielleicht Geschieht Ein Wunder,7.0,16.0
95,1963,Luxembourg,Nana Mouskouri,A Force De Prier,8.0,13.0
96,1963,Germany,Heidi Brühl,Marcel,9.0,5.0
97,1963,Belgium,Jacques Raymond,Waarom,10.0,4.0
98,1963,Yugoslavia,Vice Vukov,Brodovi,11.0,3.0
99,1963,Spain,José Guardiola,Algo Prodigioso,12.0,2.0
100,1963,Netherlands,Annie Palmen,Een Speeldoos,13.0,0.0
101,1963,Norway,Anita Thallaug,Solhverv,13.0,0.0
102,1963,Finland,Laila Halme,Muistojeni Laulu,13.0,0.0
103,1963,Sweden,Monica Zetterlund,En Gång I Stockholm,13.0,0.0
104,1964,Italy,Gigliola Cinquetti,Non Ho L'étà,1.0,49.0
105,1964,United Kingdom,Matt Monro,I Love The Little Things,2.0,17.0
106,1964,Monaco,Romuald,Où Sont-elles Passées?,3.0,15.0
107,1964,Luxembourg,Hugues Aufray,Dès Que Le Printemps Revient,4.0,14.0
108,1964,France,Rachel,Le Chant De Mallory,4.0,14.0
109,1964,Austria,Udo Jürgens,"Warum Nur, Warum?",6.0,11.0
110,1964,Finland,Lasse Mårtenson,Laiskotellen,7.0,9.0
111,1964,Norway,Arne Bendiksen,Spiral,8.0,6.0
112,1964,Denmark,Bjørn Tidmand,Sangen Om Dig,9.0,4.0
113,1964,Netherlands,Anneke Grönloh,Jij Bent Mijn Leven,10.0,2.0
114,1964,Belgium,Robert Cogoi,Près De Ma Rivière,10.0,2.0
115,1964,Spain,"Tim, Nelly and Tony",Caracola,12.0,1.0
116,1964,Germany,Nora Nova,Man Gewöhnt Sich So Schnell An Das Schöne,13.0,0.0
117,1964,Portugal,António Calvário,Oração,13.0,0.0
118,1964,Yugoslavia,Sabahudin Kurt,Život je sklopio krug,13.0,0.0
119,1964,Switzerland,Anita Traversi,I Miei Pensieri,13.0,0.0
120,1965,Luxembourg,France Gall,"Poupée De Cire, Poupée De Son",1.0,32.0
121,1965,United Kingdom,Kathy Kirby,I Belong,2.0,26.0
122,1965,France,Guy Mardel,N'avoue Jamais,3.0,22.0
123,1965,Austria,Udo Jürgens,"Sag Ihr, Ich Lass' Sie Grüßen",4.0,16.0
124,1965,Italy,Bobby Solo,"Se Piangi, Se Ridi",5.0,15.0
125,1965,Ireland,Butch Moore,I'm Walking The Streets In The Rain,6.0,11.0
126,1965,Denmark,Birgit Brüel,For Din Skyld,7.0,10.0
127,1965,Switzerland,Yovanna,Non à Jamais Sans Toi,8.0,8.0
128,1965,Monaco,Marjorie Noël,Va Dire à L'amour,9.0,7.0
129,1965,Sweden,Ingvar Wixell,Absent Friend,10.0,6.0
130,1965,Netherlands,Conny Van den bos,Het Is Genoeg,11.0,5.0
131,1965,Yugoslavia,Vice Vukov,Ceznja,12.0,2.0
132,1965,Norway,Kirsti Sparboe,Karusell,13.0,1.0
133,1965,Portugal,Simone de Oliviera,Sol De Inverno,13.0,1.0
134,1965,Spain,Conchita Bautista,"Qué Bueno, Qué Bueno",15.0,0.0
135,1965,Germany,Ulla Wiesner,"Paradies, Wo Bist Du?",15.0,0.0
136,1965,Belgium,Lize Marke,Als Het Weer Lente Is,15.0,0.0
137,1965,Finland,Viktor Klimenko,Aurinko Laskee Länteen,15.0,0.0
138,1966,Austria,Udo Jürgens,Merci Chérie,1.0,31.0
139,1966,Sweden,Lill Lindfors & Svante Thuresson,Nygammal Vals,2.0,16.0
140,1966,Norway,Åse Kleveland,Intet Er Nytt Under Solen,3.0,15.0
141,1966,Belgium,Tonia,"Un Peu De Poivre, Un Peu De Sel",4.0,14.0
142,1966,Ireland,Dickie Rock,Come Back To Stay,4.0,14.0
143,1966,Switzerland,Madeleine Pascal,Ne Vois-tu Pas?,6.0,12.0
144,1966,Yugoslavia,Berta Ambroz,Brez Besed,7.0,9.0
145,1966,Spain,Raphael,Yo Soy Aquél,7.0,9.0
146,1966,United Kingdom,Kenneth McKellar,A Man Without Love,9.0,8.0
147,1966,Germany,Margot Eskens,Die Zeiger Der Uhr,10.0,7.0
148,1966,Luxembourg,Michèle Torr,Ce Soir Je T'attendais,10.0,7.0
149,1966,Finland,Ann-Christine Nyström,Play-boy,10.0,7.0
150,1966,Portugal,Madalena Iglesias,Ele E Ela,13.0,6.0
151,1966,Denmark,Ulla Pia,"Stop, Ja Stop - Ja Stop, Mens Legen Er Go",14.0,4.0
152,1966,Netherlands,Milly Scott,Fernando En Philippo,15.0,2.0
153,1966,France,Dominique Walter,Chez Nous,16.0,1.0
154,1966,Monaco,Tereza,Bien Plus Fort,17.0,0.0
155,1966,Italy,Domenico Modugno,Dio Come Ti Amo,17.0,0.0
156,1967,United Kingdom,Sandie Shaw,Puppet On A String,1.0,47.0
157,1967,Ireland,Sean Dunphy,If I Could Choose,2.0,22.0
158,1967,France,Noëlle Cordier,Il Doit Faire Beau Là-bas,3.0,20.0
159,1967,Luxembourg,Vicky,L'amour Est Bleu,4.0,17.0
160,1967,Monaco,Minouche Barelli,Boum-badaboum,5.0,10.0
161,1967,Spain,Raphael,Hablemos Del Amor,6.0,9.0
162,1967,Belgium,Louis Neefs,Ik Heb Zorgen,7.0,8.0
163,1967,Sweden,Östen Warnerbring,Som En Dröm,8.0,7.0
164,1967,Germany,Inge Brück,Anouschka,8.0,7.0
165,1967,Yugoslavia,Lado Leskovar,Vse Rože Sveta,8.0,7.0
166,1967,Italy,Claudio Villa,Non Andare Più Lontano,11.0,4.0
167,1967,Portugal,Eduardo Nascimento,O Vento Mudou,12.0,3.0
168,1967,Finland,Fredi,Varjoon-suojaan,12.0,3.0
169,1967,Netherlands,Thérèse Steinmetz,Ring-dinge,14.0,2.0
170,1967,Austria,Peter Horten,Warum Es Hunderttausend Sterne Gibt,14.0,2.0
171,1967,Norway,Kirsti Sparboe,Dukkemann,14.0,2.0
172,1967,Switzerland,Géraldine,Quel Cœur Vas-tu Briser?,17.0,0.0
173,1968,Spain,Massiel,"La, La, La...",1.0,29.0
174,1968,United Kingdom,Cliff Richard,Congratulations,2.0,28.0
175,1968,France,Isabelle Aubret,La Source,3.0,20.0
176,1968,Ireland,Pat McGeegan,Chance Of A Lifetime,4.0,18.0
177,1968,Sweden,Claes-Göran Hederström,"Det Börjar Verka Kärlek, Banne Mej",5.0,15.0
178,1968,Germany,Wencke Myhre,Ein Hoch Der Liebe,6.0,11.0
179,1968,Belgium,Claude Lombard,Quand Tu Reviendras,7.0,8.0
180,1968,Monaco,Line & Willy,A Chacun Sa Chanson,7.0,8.0
181,1968,Yugoslavia,Luci Kapurso & Hamo Hajdarhodzic,Jedan Dan,7.0,8.0
182,1968,Italy,Sergio Endrigo,Marianne,10.0,7.0
183,1968,Portugal,Carlos Mendes,Verão,11.0,5.0
184,1968,Luxembourg,Chris Baldo & Sophie Garel,Nous Vivrons D'amour,11.0,5.0
185,1968,Austria,Karel Gott,Tausend Fenster,13.0,2.0
186,1968,Switzerland,Gianni Mascolo,Guardando Il Sole,13.0,2.0
187,1968,Norway,Odd Børre,Stress,13.0,2.0
188,1968,Netherlands,Ronnie Tober,Morgen,16.0,1.0
189,1968,Finland,Kristina Hautala,Kun Kello Käy,16.0,1.0
190,1969,Spain,Salomé,Vivo Cantando,1.0,18.0
191,1969,United Kingdom,Lulu,Boom Bang-a-bang,1.0,18.0
192,1969,Netherlands,Lenny Kuhr,De Troubadour,1.0,18.0
193,1969,France,Frida Boccara,"Un Jour, Un Enfant",1.0,18.0
194,1969,Switzerland,Paola del Medico,"Bonjour, Bonjour",5.0,13.0
195,1969,Monaco,Jean-Jacques,"Maman, Maman",6.0,11.0
196,1969,Ireland,Muriel Day and the Lindsays,The Wages Of Love,7.0,10.0
197,1969,Belgium,Louis Neefs,Jennifer Jennings,7.0,10.0
198,1969,Sweden,Tommy Körberg,"Judy, Min Vän",9.0,8.0
199,1969,Germany,Siw Malmkvist,Primaballerina,9.0,8.0
200,1969,Luxembourg,Romuald,Cathérine,11.0,7.0
201,1969,Finland,Jarkko and Laura,Kuin Silloin Ennen,12.0,6.0
202,1969,Yugoslavia,Ivan & M's,Pozdrav Svijetu,13.0,5.0
203,1969,Italy,Iva Zanicchi,Due Grosse Lacrime Bianche,13.0,5.0
204,1969,Portugal,Simone de Oliveira,Desfolhada Portuguesa,15.0,4.0
205,1969,Norway,Kirsti Sparboe,"Oj, Oj, Oj, Så Glad, Jeg Skal Bli",16.0,1.0
206,1970,Ireland,Dana,All Kinds Of Everything,1.0,32.0
207,1970,United Kingdom,Mary Hopkin,"Knock, Knock (who's there?)",2.0,26.0
208,1970,Germany,Katja Ebstein,Wunder Gibt Es Immer Wieder,3.0,12.0
209,1970,Switzerland,Henri Dès,Retour,4.0,8.0
210,1970,France,Guy Bonnet,Marie Blanche,4.0,8.0
211,1970,Spain,Julio Iglesias,Gwendolyne,4.0,8.0
212,1970,Netherlands,Patricia and Hearts of Soul,Waterman,7.0,7.0
213,1970,Italy,Gianni Morandi,Occhi Di Ragazza,8.0,5.0
214,1970,Belgium,Jean Vallée,Viens L'oublier,8.0,5.0
215,1970,Monaco,Dominique Dussault,Marlène,8.0,5.0
216,1970,Yugoslavia,Eva Sršen,"Pridi, Dala Ti Bom Cvet",11.0,4.0
217,1970,Luxembourg,David-Alexandre Winter,Je Suis Tombé Du Ciel,12.0,0.0
218,1971,Monaco,Séverine,"Un Banc, Un Arbre, Une Rue",1.0,128.0
219,1971,Spain,Karina,En Un Mundo Nuevo,2.0,116.0
220,1971,Germany,Katja Ebstein,Diese Welt,3.0,100.0
221,1971,United Kingdom,Clodagh Rodgers,Jack In The Box,4.0,98.0
222,1971,Italy,Massimo Ranieri,L'amore è Un Attimo,5.0,91.0
223,1971,Sweden,Family Four,Vita Vidder,6.0,85.0
224,1971,Netherlands,Saskia and Serge,De Tijd,6.0,85.0
225,1971,Finland,Markku Aro and Koivisto Sisters,Tie Uuteen Päivään,8.0,84.0
226,1971,Portugal,Tonicha,Menina Do Alto Da Serra,9.0,83.0
227,1971,France,Serge Lama,Un Jardin Sur La Terre,10.0,82.0
228,1971,Ireland,Angela Farrell,One Day Love,11.0,79.0
229,1971,Switzerland,"Peter, Sue and Marc",Les Illusions De Nos Vingt Ans,12.0,78.0
230,1971,Luxembourg,Monique Melsen,"Pomme, Pomme, Pomme",13.0,70.0
231,1971,Belgium,Lily Castel and Jacques Raymond,"Goeie Morgen, Morgen",14.0,68.0
232,1971,Yugoslavia,Krunoslav Slabinac,Tvoj Djecak Je Tuzan,14.0,68.0
233,1971,Austria,Marianne Mendt,Musik,16.0,66.0
234,1971,Norway,Hanne Krogh,Lykken Er...,17.0,65.0
235,1971,Malta,Joe Grech,Marija L-Maltija,18.0,52.0
236,1972,Luxembourg,Vicky Leandros,Après Toi,1.0,128.0
237,1972,United Kingdom,The New Seekers,"Beg, Steal Or Borrow",2.0,114.0
238,1972,Germany,Mary Roos,Nur Die Liebe Läßt Uns Leben,3.0,107.0
239,1972,Netherlands,Sandra and Andres,Als Het Om De Liefde Gaat,4.0,106.0
240,1972,Austria,The Milestones,Falter Im Wind,5.0,100.0
241,1972,Italy,Nicola di Bari,I Giorni Dell' Arcobaleno,6.0,92.0
242,1972,Portugal,Carlos Mendes,A Festa Da Vida,7.0,90.0
243,1972,Switzerland,Véronique Müller,C'est La Chanson De Mon Amour,8.0,88.0
244,1972,Yugoslavia,Tereza,Muzika I Ti,9.0,87.0
245,1972,Spain,Jaime Morey,Amanece,10.0,83.0
246,1972,France,Betty Mars,Comé-comédie,11.0,81.0
247,1972,Finland,Päivi Paunu and Kim Floor,Muistathan,12.0,78.0
248,1972,Sweden,Family Four,Härliga Sommardag,13.0,75.0
249,1972,Norway,Grethe Kausland & Benny Borg,Småting,14.0,73.0
250,1972,Ireland,Sandie Jones,Ceol On Ghrá,15.0,72.0
251,1972,Monaco,Anne-Marie Godart and Peter MacLane,Comme On S'aime,16.0,65.0
252,1972,Belgium,Serge and Christine Ghisoland,À La Folie Ou Pas Du Tout,17.0,55.0
253,1972,Malta,Helen and Joseph,L-imħabba,18.0,48.0
254,1973,Luxembourg,Anne-Marie David,Tu Te Reconnaîtras,1.0,129.0
255,1973,Spain,Mocedades,Eres Tú,2.0,125.0
256,1973,United Kingdom,Cliff Richard,Power To All Our Friends,3.0,123.0
257,1973,Israel,Ilanit,Ey-sham,4.0,97.0
258,1973,Sweden,The Nova and The Dolls,You're Summer,5.0,94.0
259,1973,Finland,Marion Rung,Tom Tom Tom,6.0,93.0
260,1973,Norway,Bendik Singers,It's Just A Game,7.0,89.0
261,1973,Germany,Gitte,Junger Tag,8.0,85.0
262,1973,Monaco,Marie,Un Train Qui Part,8.0,85.0
263,1973,Portugal,Fernando Tordo,Tourada,10.0,80.0
264,1973,Ireland,Maxi,Do I Dream?,10.0,80.0
265,1973,Switzerland,Patrick Juvet,"Je Me Vais Marier, Marie",12.0,79.0
266,1973,Italy,Massimo Ranieri,Chi Sarà Con Te,13.0,74.0
267,1973,Netherlands,Ben Cramer,De Oude Muzikant,14.0,69.0
268,1973,Yugoslavia,Zdravko Colic,Gori Vatra,15.0,65.0
269,1973,France,Martine Clémenceau,Sans Toi,15.0,65.0
270,1973,Belgium,Nicole and Hugo,"Baby, Baby",17.0,58.0
271,1974,Sweden,ABBA,Waterloo,1.0,24.0
272,1974,Italy,Gigliola Cinquetti,Si,2.0,18.0
273,1974,Netherlands,Mouth and MacNeal,I See A Star,3.0,15.0
274,1974,United Kingdom,Olivia Newton-John,Long Live Love,4.0,14.0
275,1974,Luxembourg,Ireen Sheer,"Bye, Bye, I Love You",4.0,14.0
276,1974,Monaco,Romuald,Celui Qui Reste Et Celui Qui S'en Va,4.0,14.0
277,1974,Israel,Kaveret (Poogy),Natati La Khayay,7.0,11.0
278,1974,Ireland,Tina,Cross Your Heart,7.0,11.0
279,1974,Spain,Peret,Canta Y Se Feliz,9.0,10.0
280,1974,Belgium,Jacques Hustin,Fleur De Liberté,9.0,10.0
281,1974,Greece,Marinella,"Krassi, Thalassa Ke T'agori Mou",11.0,7.0
282,1974,Yugoslavia,Korni,Moja Generacija,12.0,6.0
283,1974,Finland,Carita,Äla Mene Pois (keep Me Warm),13.0,4.0
284,1974,Norway,Anne-Karine Ström and the Bendik Singers,The First Day Of Love,14.0,3.0
285,1974,Germany,Cindy und Bert,Die Sommermelodie,14.0,3.0
286,1974,Switzerland,Piera Martell,Mein Ruf Nach Dir,14.0,3.0
287,1974,Portugal,Paulo de Carvalho,E Depois Do Adeus,14.0,3.0
288,1975,Netherlands,Teach-In,Ding-A-Dong,1.0,152.0
289,1975,United Kingdom,The Shadows,Let Me Be The One,2.0,138.0
290,1975,Italy,Wess & Dori Ghezzi,Era,3.0,115.0
291,1975,France,Nicole Rieu,Et Bonjour à Toi L'artiste,4.0,91.0
292,1975,Luxembourg,Géraldine,Toi,5.0,84.0
293,1975,Switzerland,Simone Drexel,Mikado,6.0,77.0
294,1975,Finland,Pihasoittajat,Old Man Fiddle,7.0,74.0
295,1975,Sweden,Lars Berghagen and the Dolls,"Jennie, Jennie",8.0,72.0
296,1975,Ireland,The Swarbriggs,That's What Friends Are For,9.0,68.0
297,1975,Spain,Sergio & Estíbaliz,Tú Volverás,10.0,53.0
298,1975,Israel,Shlomo Artzi,At Va'Ani,11.0,40.0
299,1975,Malta,Renato,Singing This Song,12.0,32.0
300,1975,Yugoslavia,Pepel In Kri,Dan Ljubezni,13.0,22.0
301,1975,Monaco,Sophie,Une Chanson C'est Une Lettre,13.0,22.0
302,1975,Belgium,Ann Christy,Gelukkig Zijn,15.0,17.0
303,1975,Portugal,Duarte Mendes,Madrugada,16.0,16.0
304,1975,Germany,Joy Fleming,Ein Lied Kann Eine Brücke Sein,17.0,15.0
305,1975,Norway,Ellen Nikolaysen,You Touched My Life With Summer,18.0,11.0
306,1975,Turkey,Semiha Yanki,Seninle Bir Dakika,19.0,3.0
307,1976,United Kingdom,Brotherhood of Man,Save Your Kisses For Me,1.0,164.0
308,1976,France,Catherine Ferry,"Un, Deux, Trois",2.0,147.0
309,1976,Monaco,Mary Christy,"Toi, La Musique Et Moi",3.0,93.0
310,1976,Switzerland,"Peter, Sue and Marc","Djambo, Djambo",4.0,91.0
311,1976,Austria,Waterloo and Robinson,My Little World,5.0,80.0
312,1976,Israel,"Chocolate, Menta, Mastik",Emor Shalom,6.0,77.0
313,1976,Italy,Romina and Al Bano,We'll Live It All Again,7.0,69.0
314,1976,Belgium,Pierre Rapsat,Judy Et Cie.,8.0,68.0
315,1976,Netherlands,Sandra Reemer,The Party's Over Now,9.0,56.0
316,1976,Ireland,Red Hurley,When,10.0,54.0
317,1976,Finland,Fredi and The Friends,Pump-pump,11.0,44.0
318,1976,Portugal,Carlos do Carmo,Uma Flor De Verde Pinho,12.0,24.0
319,1976,Greece,Mariza Koch,"Panaghia Mou, Panaghia Mou",13.0,20.0
320,1976,Luxembourg,Jürgen Marcus,Chansons Pour Ceux Qui S'aiment,14.0,17.0
321,1976,Germany,Les Humphries Singers,"Sing, Sang, Song",15.0,12.0
322,1976,Spain,Braulio,Sobran Las Palabras,16.0,11.0
323,1976,Yugoslavia,Ambasadori,Ne Mogu Skriti Svoju Bol,17.0,10.0
324,1976,Norway,Anne-Karine Ström,Mata Hari,18.0,7.0
325,1977,France,Marie Myriam,L'oiseau Et L'enfant,1.0,136.0
326,1977,United Kingdom,Lynsey de Paul and Mike Moran,Rock Bottom,2.0,121.0
327,1977,Ireland,The Swarbriggs Plus Two,It's Nice To Be In Love Again,3.0,119.0
328,1977,Monaco,Michèle Torr,Une Petite Française,4.0,96.0
329,1977,Greece,"Pascalis, Marianna, Robert and Bessy",Mathima Solfez,5.0,92.0
330,1977,Switzerland,Pepe Lienhard Band,Swiss Lady,6.0,71.0
331,1977,Belgium,Dream Express,"A Million In One, Two, Three",7.0,69.0
332,1977,Germany,Silver Convention,Telegram,8.0,55.0
333,1977,Spain,Micky,Enseñame A Cantar,9.0,52.0
334,1977,Finland,Monica Aspelund,Lapponia,10.0,50.0
335,1977,Israel,Ilanit,Ah-haa-vah Hee Shir Lish-naa-yim,11.0,49.0
336,1977,Netherlands,Heddy Lester,De Mallemolen,12.0,35.0
337,1977,Italy,Mia Martini,Liberà,13.0,33.0
338,1977,Norway,Anita Skorgan,Casanova,14.0,18.0
339,1977,Portugal,Os Amigos,Portugal No Coração,14.0,18.0
340,1977,Luxembourg,Anne Marie B.,Frère Jacques,16.0,17.0
341,1977,Austria,Schmetterlinge,Boom Boom Boomerang,17.0,11.0
342,1977,Sweden,Forbes,Beatles,18.0,2.0
343,1978,Israel,Izhar Cohen and the Alphabeta,A-Ba-Ni-Bi,1.0,157.0
344,1978,Belgium,Jean Vallée,L'amour ça Fait Chanter La Vie,2.0,125.0
345,1978,France,Joël Prévost,Il Y Aura Toujours Des Violons,3.0,119.0
346,1978,Monaco,Caline and Olivier Toussaint,Les Jardins De Monaco,4.0,107.0
347,1978,Ireland,Colm T. Wilkinson,Born To Sing,5.0,86.0
348,1978,Germany,Ireen Sheer,Feuer,6.0,84.0
349,1978,Luxembourg,Baccara,Parlez-vous Français?,7.0,73.0
350,1978,Greece,Tania Tsanaklidou,Charlie Chaplin,8.0,66.0
351,1978,Spain,José Vélez,Bailemos Un Vals,9.0,65.0
352,1978,Switzerland,Carole Vinci,Vivre,9.0,65.0
353,1978,United Kingdom,Co-Co,The Bad Old Days,11.0,61.0
354,1978,Italy,Ricchi e Poveri,Questo Amore,12.0,53.0
355,1978,Netherlands,Harmony,'t Is Ok,13.0,37.0
356,1978,Sweden,Björn Skifs,Det Blir Alltid Värre Framåt Natten,14.0,26.0
357,1978,Austria,Springtime,Mrs. Caroline Robinson,15.0,14.0
358,1978,Denmark,Mabel,Boom Boom,16.0,13.0
359,1978,Portugal,Gemini,Dai-li-dou,17.0,5.0
360,1978,Finland,Seija Simola,Anna Rakkaudelle Tilaisuus,18.0,2.0
361,1978,Turkey,Nazar,Sevince,18.0,2.0
362,1978,Norway,Jahn Teigen,Mil Etter Mil,20.0,0.0
363,1979,Israel,Milk and Honey,Hallelujah,1.0,125.0
364,1979,Spain,Betty Missiego,Su Canción,2.0,116.0
365,1979,France,Anne-Marie David,Je Suis L'enfant-soleil,3.0,106.0
366,1979,Germany,Dschinghis Khan,,4.0,86.0
367,1979,Ireland,Cathal Dunne,Happy Man,5.0,80.0
368,1979,Denmark,Tommy Seebach,Disco Tango,6.0,76.0
369,1979,United Kingdom,Black Lace,Mary Ann,7.0,73.0
370,1979,Greece,Elpida,Socrati,8.0,69.0
371,1979,Portugal,Manuela Bravo,"Sobe, Sobe, Balão Sobe",9.0,64.0
372,1979,Switzerland,"Peter, Sue and Marc and Pfuri, Gorps and Kniri",Trödler Und Co.,10.0,60.0
373,1979,Norway,Anita Skorgan,Oliver,11.0,57.0
374,1979,Netherlands,Xandra,Colorado,12.0,51.0
375,1979,Luxembourg,Jeane Manson,J'ai Déjà Vu ça Dans Tes Yeux,13.0,44.0
376,1979,Finland,Katri-Helena,Katson Sineen Taivaan,14.0,38.0
377,1979,Italy,Matia Bazar,Raggio Di Luna,15.0,27.0
378,1979,Monaco,Laurent Vaguener,"Notre Vie, C'est La Musique",16.0,12.0
379,1979,Sweden,Ted Gärdestad,Satellit,17.0,8.0
380,1979,Belgium,Micha Marah,Hey Nana,18.0,5.0
381,1979,Austria,Christina Simon,Heute In Jerusalem,18.0,5.0
382,1980,Ireland,Johnny Logan,What's Another Year,1.0,143.0
383,1980,Germany,Katja Ebstein,Theater,2.0,128.0
384,1980,United Kingdom,Prima Donna,Love Enough For Two,3.0,106.0
385,1980,Switzerland,Paola,Cinéma,4.0,104.0
386,1980,Netherlands,Maggie MacNeal,Amsterdam,5.0,93.0
387,1980,Italy,Alan Sorrenti,Non So Che Darei,6.0,87.0
388,1980,Portugal,José Cid,"Um Grande, Grande Amor",7.0,71.0
389,1980,Austria,Blue Danube,Du Bist Musik,8.0,64.0
390,1980,Luxembourg,Sophie and Magaly,Papa Pingouin,9.0,56.0
391,1980,Sweden,Tomas Ledin,Just Nu!,10.0,47.0
392,1980,France,Profil,"Hé, Hé M'sieurs Dames",11.0,45.0
393,1980,Spain,Trigo Limpio,Quédate Esta Noche,12.0,38.0
394,1980,Greece,Anna Vissi and the Epikouri,Otostop,13.0,30.0
395,1980,Denmark,Bamses Venner,Tænker Altid På Dig,14.0,25.0
396,1980,Turkey,Ajda Pekkan,Petr'oil,15.0,23.0
397,1980,Norway,Sverre Kjellsberg & Mattis Hætta,Sámiid Ædnan,16.0,15.0
398,1980,Belgium,Telex,Euro-vision,17.0,14.0
399,1980,Morocco,Samira Bensaïd,Bitakat Hob,18.0,7.0
400,1980,Finland,Vesa-Matti Loiri,Huilumies,19.0,6.0
401,1981,United Kingdom,Bucks Fizz,Making Your Mind Up,1.0,136.0
402,1981,Germany,Lena Valaitis,Johnny Blue,2.0,132.0
403,1981,France,Jean Gabilou,Humanahum,3.0,125.0
404,1981,Switzerland,"Peter, Sue and Marc",Io Senza Tei,4.0,121.0
405,1981,Ireland,Sheeba,Horoscopes,5.0,105.0
406,1981,Cyprus,Island,Monika,6.0,69.0
407,1981,Israel,Habibi,Halaylah,7.0,56.0
408,1981,Greece,Yiannis Dimitras,Feggari Kalokerino,8.0,55.0
409,1981,Netherlands,Linda Williams,Het Is Een Wonder,9.0,51.0
410,1981,Sweden,Björn Skifs,Fångad I En Dröm,10.0,50.0
411,1981,Luxembourg,Jean-Claude Pascal,C'est Peut-être Pas L'Amérique,11.0,41.0
412,1981,Denmark,Debbie Cameron and Tommy Seebach,Krøller Eller Ej,11.0,41.0
413,1981,Belgium,Emly Starr,Samson,13.0,40.0
414,1981,Spain,Bacchelli,Y Solo Tú,14.0,38.0
415,1981,Yugoslavia,Seid-Memic Vajta,Leila,15.0,35.0
416,1981,Finland,Riki Sorsa,Reggae O.k.,16.0,27.0
417,1981,Austria,Marty Brem,Wenn Du Da Bist,17.0,20.0
418,1981,Turkey,Modern Folk Trio and Aysegül,Dönme Dolap,18.0,9.0
419,1981,Portugal,Carlos Paião,Play-back,18.0,9.0
420,1981,Norway,Finn Kalvik,Aldri i Livet,20.0,0.0
421,1982,Germany,Nicole,Ein Bißchen Frieden,1.0,161.0
422,1982,Israel,Avi Toledano,Hora,2.0,100.0
423,1982,Switzerland,Arlette Zola,Amour On T'aime,3.0,97.0
424,1982,Belgium,Stella,Si Tu Aimes Ma Musique,4.0,96.0
425,1982,Cyprus,Anna Vissi,Mono I Agapi,5.0,85.0
426,1982,Luxembourg,Svetlana,Cour Apres Le Temps,6.0,78.0
427,1982,United Kingdom,Bardo,One Step Further,7.0,76.0
428,1982,Sweden,Chips,Dag Efter Dag,8.0,67.0
429,1982,Austria,Mess,Sonntag,9.0,57.0
430,1982,Spain,Lucía,Él,10.0,52.0
431,1982,Ireland,The Duskeys,"Here Today, Gone Tomorrow",11.0,49.0
432,1982,Norway,Jahn Teigen & Anita Skorgan,Adieu,12.0,40.0
433,1982,Portugal,Doce,Bem-bom,13.0,32.0
434,1982,Yugoslavia,Aska,Halo Halo,14.0,21.0
435,1982,Turkey,Neço,Hani,15.0,20.0
436,1982,Netherlands,Bill van Dijk,Jij En Ik,16.0,8.0
437,1982,Denmark,Brixx,Video-video,17.0,5.0
438,1982,Finland,Kojo,Nuku Pommiin,18.0,0.0
439,1983,Luxembourg,Corinne Hermès,Si La Vie Est Cadeau,1.0,142.0
440,1983,Israel,Ofra Haza,Hi,2.0,136.0
441,1983,Sweden,Carola Häggkvist,Främling,3.0,126.0
442,1983,Yugoslavia,Danijel,Dzuli,4.0,125.0
443,1983,Germany,Hoffmann und Hoffmann,Rücksicht,5.0,94.0
444,1983,United Kingdom,Sweet Dreams,I'm Never Giving Up,6.0,79.0
445,1983,Netherlands,Bernadette,Sing Me A Song,7.0,66.0
446,1983,France,Guy Bonnet,Vivre,8.0,56.0
447,1983,Norway,Jahn Teigen,Do Re Mi,9.0,53.0
448,1983,Austria,Westend,Hurricane,9.0,53.0
449,1983,Italy,Riccardo Fogli,Per Lucia,11.0,41.0
450,1983,Finland,Ami Aspelund,Fantasiaa,11.0,41.0
451,1983,Portugal,Armando Gama,Esta Balada Que Te Dou,13.0,33.0
452,1983,Greece,Christie Stassinopoulou,Mou Les,14.0,32.0
453,1983,Switzerland,Mariella Farré,Io Così Non Ci Sto,15.0,28.0
454,1983,Cyprus,Stavros and Constantina,I Agapi Akoma Zi,16.0,26.0
455,1983,Denmark,Gry Johansen,Kloden Drejer,17.0,16.0
456,1983,Belgium,Pas de Deux,Rendez-vous,18.0,13.0
457,1983,Turkey,Çetin Alp and the Short Wave,Opera,19.0,0.0
458,1983,Spain,Remedios Amaya,¿Quién Maneja Mi Barca?,19.0,0.0
459,1984,Sweden,Herrey's,Diggi-loo Diggy-ley,1.0,145.0
460,1984,Ireland,Linda Martin,Terminal '3',2.0,137.0
461,1984,Spain,Bravo,"Lady, Lady",3.0,106.0
462,1984,Denmark,Hot Eyes,Det' Lige Det,4.0,101.0
463,1984,Belgium,Jacques Zegers,Avanti La Vie,5.0,70.0
464,1984,Italy,Alice and Battiato,I Treni Di Tozeur,5.0,70.0
465,1984,United Kingdom,Belle and the Devotions,Love Games,7.0,63.0
466,1984,France,Annick Thoumazeau,Autant D'amoureux Que D'étoiles,8.0,61.0
467,1984,Finland,Kirka,Hengaillaan,9.0,46.0
468,1984,Luxembourg,Sophie Carle,100% D'amour,10.0,39.0
469,1984,Portugal,Maria Guinot,Silêncio E Tanta Gente,11.0,38.0
470,1984,Turkey,"Bes Yil Önce, On Yil Sonra",Halay,12.0,37.0
471,1984,Netherlands,Maribelle,Ik Hou Van Jou,13.0,34.0
472,1984,Germany,Mary Roos,Aufrecht Geh'n,13.0,34.0
473,1984,Cyprus,Andy Paul,Anna Maria Lena,15.0,31.0
474,1984,Switzerland,Rainy Day,Welche Farbe Hat Der Sonnenschein,16.0,30.0
475,1984,Norway,Dollie de Luxe,Lenge Leve Livet,17.0,29.0
476,1984,Yugoslavia,Vlado and Isolda,Ciao Amore,18.0,26.0
477,1984,Austria,Anita,Einfach Weg,19.0,5.0
478,1985,Norway,Bobbysocks,La Det Swinge,1.0,123.0
479,1985,Germany,Wind,Für Alle,2.0,105.0
480,1985,Sweden,Kikki Danielsson,Bra Vibrationer,3.0,103.0
481,1985,United Kingdom,Vikki,Love Is...,4.0,100.0
482,1985,Israel,Izhar Cohen,Olé Olé,5.0,93.0
483,1985,Ireland,Maria Christian,Wait Until The Weekend Comes,6.0,91.0
484,1985,Italy,Al Bano and Romina Power,"Magic, Oh Magic",7.0,78.0
485,1985,Austria,Gary Lux,Kinder Dieser Welt,8.0,60.0
486,1985,Finland,Sonja Lumme,Eläköön Elämä,9.0,58.0
487,1985,France,Roger Bens,Femme Dans Ses Rêves Aussi,10.0,56.0
488,1985,Denmark,Hot Eyes,Sku' Du Spør Fra No'n,11.0,41.0
489,1985,Switzerland,Mariella Farré and Pino Gasparini,Piano Piano,12.0,39.0
490,1985,Luxembourg,"Margo, Franck, Diane, Ireen, Malcolm & Chris","Children, Kinder, Enfants",13.0,37.0
491,1985,Spain,Paloma San Basilio,La Fiesta Terminó,14.0,36.0
492,1985,Turkey,MFÖ,Di Dai Di Dai Dai (Aşık oldum),14.0,36.0
493,1985,Cyprus,Lia Vishy,To Katalava Arga,16.0,15.0
494,1985,Greece,Takis Biniaris,Miazoume,16.0,15.0
495,1985,Portugal,Adelaïde,"Penso Em Ti, Eu Sei",18.0,9.0
496,1985,Belgium,Linda Lepomme,Laat Me Nu Gaan,19.0,7.0
497,1986,Belgium,Sandra Kim,J'aime La Vie,1.0,176.0
498,1986,Switzerland,Daniela Simons,Pas Pour Moi,2.0,140.0
499,1986,Luxembourg,Sherisse Laurence,L'amour De Ma Vie,3.0,117.0
500,1986,Ireland,Luv Bug,You Can Count On Me,4.0,96.0
501,1986,Sweden,Lasse Holm & Monica Törnell,E' De' Det Här Du Kallar Kärlek,5.0,78.0
502,1986,Denmark,Lise Haavik and Trax,Du Er Fuld Af Løgn,6.0,77.0
503,1986,United Kingdom,Ryder,Runner In The Night,7.0,72.0
504,1986,Germany,Ingrid Peters,Über Die Brücke Geh'n,8.0,62.0
505,1986,Turkey,Klips ve Onlar,Halley,9.0,53.0
506,1986,Spain,Cadillac,Valentino,10.0,51.0
507,1986,Yugoslavia,Doris Dragović,Željo Moja,11.0,49.0
508,1986,Norway,Ketil Stokkan,Romeo,12.0,44.0
509,1986,Netherlands,Frizzle Sizzle,Alles Heeft Ritme,13.0,40.0
510,1986,Portugal,Dora,Não Sejas Mau Para Mim,14.0,28.0
511,1986,Finland,Kari Kuivalainen,Päivä Kahden Ihmisen,15.0,22.0
512,1986,Iceland,Icy,Gleðibankinn,16.0,19.0
513,1986,France,Cocktail Chic,Européennes,17.0,13.0
514,1986,Austria,Timna Brauer,Die Zeit Ist Einsam,18.0,12.0
515,1986,Israel,Moti Galadi and Sarai Tzuriel,Yavoh Yom,19.0,7.0
516,1986,Cyprus,Elpida,Tora Zo,20.0,4.0
517,1987,Ireland,Johnny Logan,Hold Me Now,1.0,172.0
518,1987,Germany,Wind,Laß Die Sonne In Dein Herz,2.0,141.0
519,1987,Italy,Umberto Tozzi and Raf,Gente Di Mare,3.0,103.0
520,1987,Yugoslavia,Novi Fosili,Ja Sam Za Ples,4.0,92.0
521,1987,Netherlands,Marcha,Rechtop In De Wind,5.0,83.0
522,1987,Denmark,Anne-Cathrine Herdorf,En Lille Melodi,5.0,83.0
523,1987,Cyprus,Alexia,Aspro Mavro,7.0,80.0
524,1987,Israel,Datner and Kushnir,Shir Habatlanim,8.0,73.0
525,1987,Norway,Kate Gulbrandsen,Mitt Liv,9.0,65.0
526,1987,Greece,Bang,Stop!,10.0,64.0
527,1987,Belgium,Liliane Saint-Pierre,Soldiers Of Love,11.0,56.0
528,1987,Sweden,Lotta Engberg,Boogaloo,12.0,50.0
529,1987,United Kingdom,Rikki,Only The Light,13.0,47.0
530,1987,France,Christine Minier,Les Mots D'amour N'ont Pas De Dimanche,14.0,44.0
531,1987,Finland,Vicky Rosti,Sata Salamaa,15.0,32.0
532,1987,Iceland,Halla Margarét,Hægt Og Hljótt,16.0,28.0
533,1987,Switzerland,Carole Rich,Moitié Moitié,17.0,26.0
534,1987,Portugal,Nevada,Neste Barco à Vela,18.0,15.0
535,1987,Spain,Patricia Kraus,No Estás Solo,19.0,10.0
536,1987,Austria,Gary Lux,Nur Noch Gefühl,20.0,8.0
537,1987,Luxembourg,Plastic Bertrand,Amour Amour,21.0,4.0
538,1987,Turkey,Seyyal Tanner & Lokomotif,Şarkım sevgi üstüne,22.0,0.0
539,1988,Switzerland,Céline Dion,Ne Partez Pas Sans Moi,1.0,137.0
540,1988,United Kingdom,Scott Fitzgerald,Go,2.0,136.0
541,1988,Denmark,Kirsten & Søren,Ka' Du Se Hva' Jeg Sa',3.0,92.0
542,1988,Luxembourg,Lara Fabian,Croire,4.0,90.0
543,1988,Norway,Karoline Krüger,For Vår Jord,5.0,88.0
544,1988,Yugoslavia,Srebrna Krila,Mangup,6.0,87.0
545,1988,Israel,Yardena Arazi,Ben Adam,7.0,85.0
546,1988,Ireland,Jump the Gun,Take Him Home,8.0,79.0
547,1988,Netherlands,Gerard Joling,Shangri-la,9.0,70.0
548,1988,France,Gérard Lenorman,Chanteur De Charme,10.0,64.0
549,1988,Spain,La Década,La Chica Que Yo Quiero (made In Spain),11.0,58.0
550,1988,Sweden,Tommy Körberg,Stad I Ljus,12.0,52.0
551,1988,Italy,Luca Barbarossa,Ti Scrivo,12.0,52.0
552,1988,Germany,Maxi and Chris Garden,Lied Für Einen Freund,14.0,48.0
553,1988,Turkey,MFÖ,Sufi,15.0,37.0
554,1988,Iceland,Beathoven,Sókrates,16.0,20.0
555,1988,Greece,Aphroditi Fryda,Kloun,17.0,10.0
556,1988,Belgium,Reynaert,Laissez Briller Le Soleil,18.0,5.0
557,1988,Portugal,Dora,Voltarei,18.0,5.0
558,1988,Finland,Boulevard,Nauravat Silmät Muistetaan,20.0,3.0
559,1988,Austria,Wilfried,Lisa Mona Lisa,21.0,0.0
560,1989,Yugoslavia,Riva,Rock Me,1.0,137.0
561,1989,United Kingdom,Live Report,Why Do I Always Get It Wrong,2.0,130.0
562,1989,Denmark,Birthe Kjær,Vi Maler Byen Rød,3.0,111.0
563,1989,Sweden,Tommy Nilsson,En Dag,4.0,110.0
564,1989,Austria,Thomas Forstner,Nur Ein Lied,5.0,97.0
565,1989,Spain,Nina,Nacida Para Amar,6.0,88.0
566,1989,Finland,Anneli Saaristo,La Dolce Vita,7.0,76.0
567,1989,France,Nathalie Pâque,J'ai Volé La Vie,8.0,60.0
568,1989,Italy,Anna Oxa and Fausto Leali,Avrei Voluto,9.0,56.0
569,1989,Greece,Marianna,To Diko Sou Asteri,9.0,56.0
570,1989,Cyprus,Fanny Polymeri and Yiannis Savvidakis,Apopse As Vrethoume,11.0,51.0
571,1989,Israel,Gili & Galit,Derech Ha'melech,12.0,50.0
572,1989,Switzerland,Furbaz,Viver Senza Tei,13.0,47.0
573,1989,Germany,Nino de Angelo,Flieger,14.0,46.0
574,1989,Netherlands,Justine Pelmelay,Blijf Zoals Je Bent,15.0,45.0
575,1989,Portugal,Da Vinci,Conquistador,16.0,39.0
576,1989,Norway,Britt Synnøve Johansen,Venners Nærhet,17.0,30.0
577,1989,Ireland,Kiev Connolly and the Missing Passengers,The Real Me,18.0,21.0
578,1989,Belgium,Ingeborg,Door De Wind,19.0,13.0
579,1989,Luxembourg,Park Café,Monsieur,20.0,8.0
580,1989,Turkey,Pan,Bana Bana,21.0,5.0
581,1989,Iceland,Daníel Augúst Haraldsson,Það Sem Enginn Sér,22.0,0.0
582,1990,Italy,Toto Cutugno,Insieme: 1992,1.0,149.0
583,1990,France,Joelle Ursull,White And Black Blues,2.0,132.0
584,1990,Ireland,Liam Reilly,Somewhere In Europe,2.0,132.0
585,1990,Iceland,Stjórnin,Eitt Lag Enn,4.0,124.0
586,1990,Spain,Azúcar Moreno,Bandido,5.0,96.0
587,1990,United Kingdom,Emma,Give A Little Love Back To The World,6.0,87.0
588,1990,Yugoslavia,Tajci,Hajde Da Ludujemo,7.0,81.0
589,1990,Denmark,Lonnie Devantier,Hallo Hallo,8.0,64.0
590,1990,Germany,Chris Kempers and Daniel Kovac,Frei Zu Leben,9.0,60.0
591,1990,Austria,Simone,Keine Mauern Mehr,10.0,58.0
592,1990,Switzerland,Egon Egemann,Musik Klingt In Die Welt Hinaus,11.0,51.0
593,1990,Belgium,Philippe Lafontaine,Macédomienne,12.0,46.0
594,1990,Luxembourg,Céline Carzo,Quand Je Te Rêve,13.0,38.0
595,1990,Cyprus,Haris Anastasiou,Milas Poli,14.0,36.0
596,1990,Netherlands,Maywood,Ik Wil Alles Met Je Delen,15.0,25.0
597,1990,Sweden,Edin-Ådahl,Som En Vind,16.0,24.0
598,1990,Turkey,Kayahan,Gözlerinin Hapsindeyim,17.0,21.0
599,1990,Israel,Rita,Shara Barechovot,18.0,16.0
600,1990,Greece,Christos Callow and Wave,Horis Skopo,19.0,11.0
601,1990,Portugal,Nucha,Há Sempre Alguém,20.0,9.0
602,1990,Norway,Ketil Stokkan,Brandenburger Tor,21.0,8.0
603,1990,Finland,Beat,Fri?,21.0,8.0
604,1991,Sweden,Carola,Fångad Av En Stormvind,1.0,146.0
605,1991,France,Amina,C'est Le Dernier Qui A Parlé Qui A Raison,2.0,146.0
606,1991,Israel,Duo Datz,Kan,3.0,139.0
607,1991,Spain,Sergio Dalma,Bailar Pegados,4.0,119.0
608,1991,Switzerland,Sandra Simò,Canzone Per Te,5.0,118.0
609,1991,Malta,Paul Giordimaina and Georgina,Could It Be,6.0,106.0
610,1991,Italy,Peppino di Capri,Comme E' Ddoce 'o Mare,7.0,89.0
611,1991,Portugal,Dulce,Lusitana Paixão,8.0,62.0
612,1991,Cyprus,Elena Patroclou,S.O.S.,9.0,60.0
613,1991,Ireland,Kim Jackson,Could It Be That I'm In Love,10.0,47.0
614,1991,United Kingdom,Samantha Janus,A Message To Your Heart,10.0,47.0
615,1991,Turkey,"Izel Çeliköz, Rayhan Soykarçi and Can Ugurluér",Iki Dakika,12.0,44.0
616,1991,Greece,Sofia Vossou,I Anixi,13.0,36.0
617,1991,Luxembourg,Sarah Bray,Un Baiser Volé,14.0,29.0
618,1991,Iceland,Stefán and Eyfi,Nina,15.0,26.0
619,1991,Belgium,Clouseau,Geef Het Op,16.0,23.0
620,1991,Norway,Just 4 Fun,Mrs. Thompson,17.0,14.0
621,1991,Germany,Atlantis 2000,Dieser Traum Darf Niemals Sterben,18.0,10.0
622,1991,Denmark,Anders Frandsen,Lige Der Hvor Hjertet Slår,19.0,8.0
623,1991,Finland,Kaija,Hullu Yö,20.0,6.0
624,1991,Yugoslavia,Baby Doll,Brazil,21.0,1.0
625,1991,Austria,Thomas Forstner,Venedig Im Regen,22.0,0.0
626,1992,Ireland,Linda Martin,Why Me,1.0,155.0
627,1992,United Kingdom,Michael Ball,One Step Out Of Time,2.0,139.0
628,1992,Malta,Mary Spiteri,Little Child,3.0,123.0
629,1992,Italy,Mia Martini,Rapsodia,4.0,111.0
630,1992,Greece,Cleopatra,Olou Tou Kosmou tin Elpida,5.0,94.0
631,1992,Israel,Dafna,Ze Rak Sport,6.0,85.0
632,1992,Iceland,Heart 2 Heart,Nei Eða Já,7.0,80.0
633,1992,France,Kali,Monté La Riviè,8.0,73.0
634,1992,Netherlands,Humphrey Campbell,Wijs Me De Weg,9.0,67.0
635,1992,Austria,Tony Wegas,Zusammen Geh'n,10.0,63.0
636,1992,Cyprus,Evridiki,Teriazoume,11.0,57.0
637,1992,Denmark,Kenny & Lotte,Alt Det Som Ingen Ser,12.0,47.0
638,1992,Yugoslavia,Extra Nena,Ljubim Te Pesmama,13.0,44.0
639,1992,Spain,Serafin,Todo Esto Es La Música,14.0,37.0
640,1992,Switzerland,Daisy Auvray,Mister Music Man,15.0,32.0
641,1992,Germany,Wind,Träume Sind Für Alle Da,16.0,27.0
642,1992,Portugal,Diná,Amor D'água Fresca,17.0,26.0
643,1992,Norway,Merethe Trøan,Visjoner,18.0,23.0
644,1992,Turkey,Aylin Vatankos,Yaz Bitti,19.0,17.0
645,1992,Belgium,Morgane,Nous On Veut Des Violons,20.0,11.0
646,1992,Luxembourg,Marion Welter and Kontinent,Sou Fräi,21.0,10.0
647,1992,Sweden,Christer Björkman,I Morgon är En Annan Dag,22.0,9.0
648,1992,Finland,Pave,Yamma Yamma,23.0,4.0
649,1993,Ireland,Niamh Kavanagh,In Your Eyes,1.0,187.0
650,1993,United Kingdom,Sonia,Better The Devil You Know,2.0,164.0
651,1993,Switzerland,Annie Cotton,"Moi, Tout Simplement",3.0,148.0
652,1993,France,Patrick Fiori,Mama Corsica,4.0,121.0
653,1993,Norway,Silje Vige,Alle Mine Tankar,5.0,120.0
654,1993,Netherlands,Ruth Jacott,Vrede,6.0,92.0
655,1993,Sweden,Arvingarna,Eloïse,7.0,89.0
656,1993,Malta,William Mangion,This Time,8.0,69.0
657,1993,Greece,Kaiti Garbi,"Ellada, Hora Tou Fotos",9.0,64.0
658,1993,Portugal,Anabela,A Cidade Até Ser Dia,10.0,60.0
659,1993,Spain,Eva Santamaria,Hombres,11.0,58.0
660,1993,Italy,Enrico Ruggeri,Sole D'europa,12.0,45.0
661,1993,Iceland,Inga,þá Veistu Svarið,13.0,42.0
662,1993,Austria,Tony Wegas,Maria Magdalena,14.0,32.0
663,1993,Croatia,Put,Don't Ever Cry,15.0,31.0
664,1993,Bosnia & Herzegovina,Fazla,Sva Bol Svijeta,16.0,27.0
665,1993,Finland,Katri-Helena,Tule Luo,17.0,20.0
666,1993,Germany,Münchener Freiheit,Viel Zu Weit,18.0,18.0
667,1993,Cyprus,Kyriakos Zymboulakis & Demos Van Beke,Mi Stamatas,19.0,17.0
668,1993,Luxembourg,Modern Times,Donne-moi Une Chance,20.0,11.0
669,1993,Turkey,"Burak Aydos, Öztürk Baybora & Serter",Esmer Yarim,21.0,10.0
670,1993,Denmark,Tommy Seebach Band,Under Stjernerne På Himlen,22.0,9.0
671,1993,Slovenia,1X Band,Tih Dezeven Dan,22.0,9.0
672,1993,Israel,Lakahat Shiru,Shiru,24.0,4.0
673,1993,Belgium,Barbara,Iemand Als Jij,25.0,3.0
674,1994,Ireland,Paul Harrington & Charlie McGettigan,Rock 'n' Roll Kids,1.0,226.0
675,1994,Poland,Edyta Górniak,To Nie Ja!,2.0,166.0
676,1994,Germany,MeKaDo,Wir Geben 'ne Party,3.0,128.0
677,1994,Hungary,Friderika Bayer,Kinek Mondjam El Vétkeimet,4.0,122.0
678,1994,Malta,Moira Stafrace and Christopher Scicluna,More Than Love,5.0,97.0
679,1994,Norway,Elisabeth Andreasson & Jan Werner Danielsen,Duett,6.0,76.0
680,1994,France,Nina Morato,Je Suis Un Vrai Garçon,7.0,74.0
681,1994,Portugal,Sara Tavares,Chamar A Música,8.0,73.0
682,1994,Russia,Youddiph,Vechni Stranik,9.0,70.0
683,1994,United Kingdom,Frances Ruffelle,We Will Be Free (lonely Symphony),10.0,63.0
684,1994,Cyprus,Evridiki,Ime Anthropos Ke Ego,11.0,51.0
685,1994,Iceland,Sigga,Nætur,12.0,49.0
686,1994,Sweden,Marie Bergman and Roger Pontare,Stjärnorna,13.0,48.0
687,1994,Greece,Costas Bigalis and the Sea Lovers,To Trehantiri,14.0,44.0
688,1994,Bosnia & Herzegovina,Alma and Dejan,Ostani Kraj Mene,15.0,39.0
689,1994,Croatia,Tony Cetinski,Nek'ti Bude Ljubav Sva,16.0,27.0
690,1994,Austria,Petra Frey,Für Den Frieden Der Welt,17.0,19.0
691,1994,Spain,Alejandro Abad,Ella No Es Ella,18.0,17.0
692,1994,Switzerland,Duilio,Sto Pregando,19.0,15.0
693,1994,Slovakia,Martin Durinda and Tublatanka,Nekovecná Piesen,19.0,15.0
694,1994,Romania,Dan Bittman,Dincolo De Nori,21.0,14.0
695,1994,Finland,CatCat,Bye Bye Baby,22.0,11.0
696,1994,Netherlands,Willeke Alberti,Waar Is De Zon,23.0,4.0
697,1994,Estonia,Silvi Vrait,Nagu Merelaine,24.0,2.0
698,1994,Lithuania,Ovidijus Vyšniauskas,Lopšinė mylimai,25.0,0.0
699,1995,Norway,Secret Garden,Nocturne,1.0,148.0
700,1995,Spain,Anabel Conde,Vuelve Conmigo,2.0,119.0
701,1995,Sweden,Jan Johansen,Se På Mej,3.0,100.0
702,1995,France,Nathalie Santamaria,Il Me Donne Rendez-vous,4.0,94.0
703,1995,Denmark,Aud Wilken,Fra Mols Til Skagen,5.0,92.0
704,1995,Croatia,Magazin and Lidija,Nostalgija,6.0,91.0
705,1995,Slovenia,Darja Svajger,Prisluhni Mi,7.0,84.0
706,1995,Israel,Liora,Amen,8.0,81.0
707,1995,Cyprus,Alexandros Panayi,Sti Fotia,9.0,79.0
708,1995,United Kingdom,Love City Groove,,10.0,76.0
709,1995,Malta,Mike Spiteri,Keep Me In Mind,10.0,76.0
710,1995,Greece,Elina Constantopoulou,Pia Prosefhi,12.0,68.0
711,1995,Austria,Stella Jones,Die Welt Dreht Sich Verkehrt,13.0,67.0
712,1995,Ireland,Eddie Friel,Dreamin',14.0,44.0
713,1995,Iceland,Bó Halldórsson,Núna,15.0,31.0
714,1995,Turkey,Arzu Ece,Sev!,16.0,21.0
715,1995,Russia,Philipp Kirkorov,Kolybelnaya Dlya Vulkana,17.0,17.0
716,1995,Poland,Justyna,Sama,18.0,15.0
717,1995,Bosnia & Herzegovina,Davor Popovic,Dvadeset I Prvi Vijek,19.0,14.0
718,1995,Belgium,Frédéric Etherlinck,La Voix Est Libre,20.0,8.0
719,1995,Portugal,Tó Cruz,Baunilha E Chocolate,21.0,5.0
720,1995,Hungary,Czaba Szigeti,Ùj Nèv Egy Règi Hàz Fàlan,22.0,3.0
721,1995,Germany,Stone and Stone,Verliebt In Dich,23.0,1.0
722,1996,Ireland,Eimear Quinn,The Voice,1.0,162.0
723,1996,Norway,Elisabeth Andreasson,I Evighet,2.0,114.0
724,1996,Sweden,One More Time,Den Vilda,3.0,100.0
725,1996,Croatia,Maja Blagdan,Sveta Ljubav,4.0,98.0
726,1996,Estonia,Ivo Linna and Maarja-Liis Ilus,Kaelakee Hääl,5.0,94.0
727,1996,Portugal,Lúcia Moniz,O Meu Coração Não Tem Cor,6.0,92.0
728,1996,Netherlands,Maxine & Franklin Brown,De Eerste Keer,7.0,78.0
729,1996,United Kingdom,Gina G,Ooh...Aah...Just A Little Bit,8.0,77.0
730,1996,Cyprus,Constantinos,Mono Gia Mas,9.0,72.0
731,1996,Malta,Miriam Christine,In A Woman's Heart,10.0,68.0
732,1996,Austria,George Nußbaumer,Weil's Dr Guat Got,10.0,68.0
733,1996,Turkey,Şebnem Paker,Besinçi Mevsim,12.0,57.0
734,1996,Iceland,Anna Mjöll,Sjúbídú,13.0,51.0
735,1996,Greece,Marianna Efstratiou,Emis Forame To Himona Anixiatika,14.0,36.0
736,1996,Poland,Kasia Kowalska,Chce Znac Swój Grzech,15.0,31.0
737,1996,Switzerland,Cathy Leander,Mon Coeur L'aime,16.0,22.0
738,1996,Belgium,Lisa del Bo,Liefde Is Een Kaartspel,16.0,22.0
739,1996,Slovakia,Marcel Palonder,Kým Nás Máš,18.0,19.0
740,1996,France,Dan Ar Braz et l'Héritage des Celtes,Diwanit Bugale,19.0,18.0
741,1996,Spain,Antonio Carbonell,"¡Ay, Qué Deseo!",20.0,17.0
742,1996,Slovenia,Regina,Dan najlepših sanj,21.0,16.0
743,1996,Bosnia & Herzegovina,Amila Glamocak,Za Našu Ljubav,22.0,13.0
744,1996,Finland,Jasmine,Niin Kaunis On Taivas,23.0,9.0
745,1997,United Kingdom,Katrina and The Waves,Love Shine A Light,1.0,227.0
746,1997,Ireland,Marc Roberts,Mysterious Woman,2.0,157.0
747,1997,Turkey,Sebnem Paker and Group Etnic,Dinle,3.0,121.0
748,1997,Italy,Jalisse,Fiumi Di Parole,4.0,114.0
749,1997,Cyprus,Chara and Andreas Konstantinou,Mana Mou,5.0,98.0
750,1997,Spain,Marcos Llunas,Sin Rencor,6.0,96.0
751,1997,France,Fanny,Sentiments Songes,7.0,95.0
752,1997,Estonia,Maarja-Liis Ilus,Keelatud Maa,8.0,82.0
753,1997,Malta,Debbie Scerri,Let Me Fly,9.0,66.0
754,1997,Slovenia,Tanja Ribič,Zbudi Se,10.0,60.0
755,1997,Poland,Anna Maria Jopek,Ale Jestem,11.0,54.0
756,1997,Greece,Marianna Zorba,Horepse,12.0,39.0
757,1997,Hungary,VIP,"Miert Kell, Hogy Elmenj?",12.0,39.0
758,1997,Sweden,Blond,Bara Hon älskar Mig,14.0,36.0
759,1997,Russia,Alla Pugachova,Primadonna,15.0,33.0
760,1997,Denmark,Kølig Kaj,Stemmen I Mit Liv,16.0,25.0
761,1997,Croatia,ENI,Probudi Me,17.0,24.0
762,1997,Germany,Bianca Shomburg,Zeit,18.0,22.0
763,1997,Bosnia & Herzegovina,Alma Cardzic,Goodbye,18.0,22.0
764,1997,Iceland,Paul Oscar,Minn Hinsti Dans,20.0,18.0
765,1997,Austria,Bettina Soriat,One Step,21.0,12.0
766,1997,Switzerland,Barbara Berta,Dentro Di Me,22.0,5.0
767,1997,Netherlands,Mrs. Einstein,Niemand Heeft Nog Tijd,22.0,5.0
768,1997,Norway,Tor Endresen,San Francisco,24.0,0.0
769,1997,Portugal,Célia Lawson,Antes Do Adeus,24.0,0.0
770,1998,Israel,Dana International,Diva,1.0,172.0
771,1998,United Kingdom,Imaani,Where Are You?,2.0,166.0
772,1998,Malta,Chiara,The One That I Love,3.0,165.0
773,1998,Netherlands,Edsilia Rombley,Hemel En Aarde,4.0,150.0
774,1998,Croatia,Danijela,Neka Mi Ne Svane,5.0,131.0
775,1998,Belgium,Mélanie Cohl,Dis Oui,6.0,122.0
776,1998,Germany,Guildo Horn,Guildo Hat Euch Lieb,7.0,86.0
777,1998,Norway,Lars A. Fredriksen,Alltid Sommer,8.0,79.0
778,1998,Ireland,Dawn,Is Always Over Now?,9.0,64.0
779,1998,Sweden,Jill Johnson,Kärleken är,10.0,53.0
780,1998,Cyprus,Michael Hajiyanni,Genesis,11.0,37.0
781,1998,Portugal,Alma Lusa,Se Eu Te Pudesse Abraçar,12.0,36.0
782,1998,Estonia,Koit Toome,Mere Lapsed,12.0,36.0
783,1998,Turkey,Tüzmen,Unutamazsin,14.0,25.0
784,1998,Finland,Edea,Aava,15.0,22.0
785,1998,Spain,Mikel Herzog,¿Qué Voy A Hacer Sin Ti?,16.0,21.0
786,1998,Poland,Sixteen,To Takie Proste,17.0,19.0
787,1998,Slovenia,Vili Resnik,Naj Bogovi Sliijo,18.0,17.0
788,1998,North Macedonia,Vlado Janevski,"Ne Zori, Zoro",19.0,16.0
789,1998,Greece,Dionysia and Thalassa group,Mia Krifi Evaisthissia,20.0,12.0
790,1998,Slovakia,Katarína Hasprová,Modlitba,21.0,8.0
791,1998,Romania,Malina Olinescu,Eu Cred,22.0,6.0
792,1998,Hungary,Charlie,A Holnap Már Ném Lesz Szomorú,23.0,4.0
793,1998,France,Marie-Line,Où Aller,24.0,3.0
794,1998,Switzerland,Gunvor,Lass Ihn,25.0,0.0
795,1999,Sweden,Charlotte Nilsson,Take Me To Your Heaven,1.0,163.0
796,1999,Iceland,Selma Björnsdóttir,All Out Of Luck,2.0,146.0
797,1999,Germany,Sürpriz,Reise Nach Jerusalem - Kudüs'e Seyahat,3.0,140.0
798,1999,Croatia,Doris Dragović,Marija Magdalena,4.0,118.0
799,1999,Israel,Eden,Yom Huledeth,5.0,93.0
800,1999,Estonia,Evelin Samuel and Camille,Diamond Of Night,6.0,90.0
801,1999,Bosnia & Herzegovina,Dino and Beatrice,Putnici,7.0,86.0
802,1999,Denmark,Trine Jepsen & Michael Teschl,This Time (i Mean It),8.0,71.0
803,1999,Netherlands,Marlayne,One Good Reason,8.0,71.0
804,1999,Austria,Bobbie Singer,Reflection,10.0,65.0
805,1999,Slovenia,Darja Svajger,For A Thousand Years,11.0,50.0
806,1999,Belgium,Venessa Chinitor,Like The Wind,12.0,38.0
807,1999,United Kingdom,Precious,Say It Again,12.0,38.0
808,1999,Norway,Stig André Van Eijk,Living My Life Without You,14.0,35.0
809,1999,Malta,Times 3,Believe 'n Peace,15.0,32.0
810,1999,Turkey,Tuba Önal & Grup Mystik,Dön Artik,16.0,21.0
811,1999,Ireland,The Mullan's,When You Need Me,17.0,18.0
812,1999,Poland,Mietek Szczesniak,Przytul Mnie Mocno,18.0,17.0
813,1999,France,Nayah,Je Veux Donner Ma Voix,19.0,14.0
814,1999,Lithuania,Aiste Smilgeviciute,Strazdas,20.0,13.0
815,1999,Portugal,Rui Bandeira,Como Tudo Começou,21.0,12.0
816,1999,Cyprus,Marlain Angelidou,Tha'nai Erotas,22.0,2.0
817,1999,Spain,Lydia,No Quiero Escuchar,23.0,1.0
818,2000,Denmark,Olsen brothers,Fly On The Wings Of Love,1.0,195.0
819,2000,Russia,Alsou,Solo,2.0,155.0
820,2000,Latvia,BrainStorm,My Star,3.0,136.0
821,2000,Estonia,Ines,Once In A Lifetime,4.0,98.0
822,2000,Germany,Stefan Raab,Wadde Hadde Dudde Da,5.0,96.0
823,2000,Ireland,Eamonn Toal,Millennium Of Love,6.0,92.0
824,2000,Sweden,Roger Pontare,When Spirits Are Calling My Name,7.0,88.0
825,2000,Malta,Claudette Pace,Desire,8.0,73.0
826,2000,Croatia,Goran Karan,Kada Zaspu Andeli,9.0,70.0
827,2000,Turkey,Pinar Ayhan & S.O.S. band,Yorgunum Anla,10.0,59.0
828,2000,Norway,Charmed,My Heart Goes Boom,11.0,57.0
829,2000,Iceland,August & Telma,Tell Me!,12.0,45.0
830,2000,Netherlands,Linda Wagenmakers,No Goodbyes,13.0,40.0
831,2000,Austria,The rounder girls,All To You,14.0,34.0
832,2000,North Macedonia,XXL,100% Te Ljubam,15.0,29.0
833,2000,United Kingdom,Nicki French,Don't Play That Song Again,16.0,28.0
834,2000,Romania,Taxi,The Moon,17.0,25.0
835,2000,Spain,Serafín Zubiri,Colgado De Un Sueño,18.0,18.0
836,2000,Finland,Nina Åström,A Little Bit,18.0,18.0
837,2000,Switzerland,Jane Bogaert,La Vita Cos'è?,20.0,14.0
838,2000,Cyprus,Voice,Nomiza,21.0,8.0
839,2000,Israel,Ping Pong,Sa'me'akh,22.0,7.0
840,2000,France,Sofia Mestari,On Aura Le Ciel,23.0,5.0
841,2000,Belgium,Nathalie Sorce,Envie De Vivre,24.0,2.0
842,2001,Estonia,"Tanel Padar, Dave Benton & 2XL",Everybody,1.0,198.0
843,2001,Denmark,Rollo & King,Never Ever Let You Go,2.0,177.0
844,2001,Greece,Antique,Die For You,3.0,147.0
845,2001,France,Natasha Saint-Pier,Je N'ai Que Mon âme,4.0,142.0
846,2001,Sweden,Friends,Listen To Your Heartbeat,5.0,100.0
847,2001,Spain,David Civera,Dile Que La Quiero,6.0,76.0
848,2001,Slovenia,Nua Derenda,Energy,7.0,70.0
849,2001,Germany,Michelle,Wer Liebe Lebt,8.0,66.0
850,2001,Malta,Fabrizio Faniello,Another Summer Night,9.0,48.0
851,2001,Croatia,Vanna,Strings Of My Heart,10.0,42.0
852,2001,Turkey,Sedat Yüce,Sevgiliye Son,11.0,41.0
853,2001,Russia,Mumiy troll,Lady Alpine Blue,12.0,37.0
854,2001,Lithuania,Skamp,You Got Style,13.0,35.0
855,2001,Bosnia & Herzegovina,Nino,Hano,14.0,29.0
856,2001,United Kingdom,Lindsay D.,No Dream Impossible,15.0,28.0
857,2001,Israel,Tal Sondak,Ein Davar,16.0,25.0
858,2001,Portugal,MTM,Só Sei Ser Feliz Assim,17.0,18.0
859,2001,Netherlands,Michelle,Out On My Own,18.0,16.0
860,2001,Latvia,Arnis Mednis,Too Much,18.0,16.0
861,2001,Poland,Piasek,2 Long,20.0,11.0
862,2001,Ireland,Gary O'Shaughnessy,Without Your Love,21.0,6.0
863,2001,Iceland,TwoTricky,Angel,22.0,3.0
864,2001,Norway,Haldor Lægreid,On My Own,22.0,3.0
865,2002,Latvia,Marie N,I Wanna,1.0,176.0
866,2002,Malta,Ira Losco,7th Wonder,2.0,164.0
867,2002,United Kingdom,Jessica Garlick,Come Back,3.0,111.0
868,2002,Estonia,Sahléne,Runaway,3.0,111.0
869,2002,France,Sandrine François,Il Faut Du Temps,5.0,104.0
870,2002,Cyprus,One,Gimme,6.0,85.0
871,2002,Spain,Rosa,Europe's Living A Celebration,7.0,81.0
872,2002,Sweden,Afro-dite,Never Let It Go,8.0,72.0
873,2002,Romania,Monica Anghel & Marcel Pavel,Tell Me Why,9.0,71.0
874,2002,Russia,Prime minister,Northern Girl,10.0,55.0
875,2002,Croatia,Vesna Pisarovic,Everything I Want,11.0,44.0
876,2002,Israel,Sarit Hadad,Light A Candle,12.0,37.0
877,2002,Bosnia & Herzegovina,Maja,Na Jastuku Za Dvoje,13.0,33.0
878,2002,Belgium,Sergio & the Ladies,Sister,13.0,33.0
879,2002,Slovenia,Sestre,Samo Ljubezen,13.0,33.0
880,2002,Turkey,Buket Bengisu & Saphire,Leylaklar Soldu Kalbinde,16.0,29.0
881,2002,Greece,Michalis Rakintzis,S.A.G.A.P.O.,17.0,27.0
882,2002,Austria,Manuel Ortega,Say A Word,18.0,26.0
883,2002,North Macedonia,Karolina,Od Nas Zavisi,19.0,25.0
884,2002,Finland,Laura,Addicted To You,20.0,24.0
885,2002,Germany,Corinna May,I Can't Live Without Music,21.0,17.0
886,2002,Switzerland,Francine Jordi,Dans Le Jardin De Mon Âme,22.0,15.0
887,2002,Lithuania,Aivaras,Happy You,23.0,12.0
888,2002,Denmark,Malene,Tell Me Who You Are,24.0,7.0
889,2003,Turkey,Sertab Erener,Everyway That I Can,1.0,167.0
890,2003,Belgium,Urban Trad,Sanomi,2.0,165.0
891,2003,Russia,t.A.T.u.,"Ne Ver, Ne Boisia",3.0,164.0
892,2003,Norway,Jostein Hasselgård,I'm Not Afraid To Move On,4.0,123.0
893,2003,Sweden,Fame,Give Me Your Love,5.0,107.0
894,2003,Austria,Alf Poier,Weil Der Mensch Zählt,6.0,101.0
895,2003,Poland,Ich Troje,Keine Grenzen - Zadnych Granic,7.0,90.0
896,2003,Iceland,Birgitta,Open Your Heart,8.0,81.0
897,2003,Spain,Beth,Dime,8.0,81.0
898,2003,Romania,Nicola,Dont Break My Heart,10.0,73.0
899,2003,Ireland,Mickey Harte,We've Got The World,11.0,53.0
900,2003,Germany,Lou,Lets Get Happy,11.0,53.0
901,2003,Netherlands,Esther Hart,One More Night,13.0,45.0
902,2003,Ukraine,Olexandr,Hasta La Vista,14.0,30.0
903,2003,Croatia,Claudia Beni,Vie Nisam Tvoja,15.0,29.0
904,2003,Bosnia & Herzegovina,Mija Martina,Ne Brini,16.0,27.0
905,2003,Greece,Mando,Never Let You Go,17.0,25.0
906,2003,France,Louisa Baileche,Monts Et Merveilles,18.0,19.0
907,2003,Israel,Lior Narkis,Words For Love,19.0,17.0
908,2003,Cyprus,Stelios Constantas,Feeling Alive,20.0,15.0
909,2003,Estonia,Ruffus,Eighties Coming Back,21.0,14.0
910,2003,Portugal,Rita Guerra,Deixa-me Sonhar,22.0,13.0
911,2003,Slovenia,Karmen,Nanana,23.0,7.0
912,2003,Latvia,F.L.Y.,Hello From Mars,24.0,5.0
913,2003,Malta,Lynn Chirchop,To Dream Again,25.0,4.0
914,2003,United Kingdom,Jemini,Cry Baby,26.0,0.0
915,2004,Ukraine,Ruslana,Wild Dances,1.0,280.0
916,2004,Serbia & Montenegro,Željko Joksimović,Lane Moje,2.0,263.0
917,2004,Greece,Sakis Rouvas,Shake It,3.0,252.0
918,2004,Turkey,Athena,For Real,4.0,195.0
919,2004,Cyprus,Lisa Andreas,Stronger Every Minute,5.0,170.0
920,2004,Sweden,Lena Philipsson,It Hurts,5.0,170.0
921,2004,Albania,Anjeza Shahini,The Image Of You,7.0,106.0
922,2004,Germany,Max,Can't Wait Until Tonight,8.0,93.0
923,2004,Bosnia & Herzegovina,Deen,In The Disco,9.0,91.0
924,2004,Spain,Ramón,Para Llenarme De Ti,10.0,87.0
925,2004,Russia,Julia Savicheva,Believe Me,11.0,67.0
926,2004,Malta,Julie & Ludwig,On Again... Off Again,12.0,50.0
927,2004,Croatia,Ivan Mikulic,You Are The Only One,12.0,50.0
928,2004,North Macedonia,Tose Proeski,Life,14.0,47.0
929,2004,France,Jonatan Cerrada,A Chaque Pas,15.0,40.0
930,2004,United Kingdom,James Fox,Hold On To Our Love,16.0,29.0
931,2004,Poland,Blue Cafe,Love Song,17.0,27.0
932,2004,Romania,Sanda Ladosi,I Admit,18.0,18.0
933,2004,Iceland,Jónsi,Heaven,19.0,16.0
934,2004,Netherlands,Re-union,Without You,20.0,11.0
935,2004,Austria,Tie Break,Du Bist,21.0,9.0
936,2004,Belgium,Xandee,1 Life,22.0,7.0
937,2004,Ireland,Chris Doran,If My World Stopped Turning,22.0,7.0
938,2004,Norway,Knut Anders Sørum,High,24.0,3.0
939,2004,Estonia,Neiokõsõ,Tii,,
940,2004,Israel,David D'or,Le'ha'amin,,
941,2004,Denmark,Tomas Thordarson,Shame On You,,
942,2004,Finland,Jari Sillanpää,Takes 2 To Tango,,
943,2004,Portugal,Sofia,Foi Magia,,
944,2004,Lithuania,Linas ir Simona,What's Happened To Your Love,,
945,2004,Latvia,Fomins & Kleins,Dziesma Par Laimi,,
946,2004,Andorra,Marta Roure,Jugarem A Estimar-nos,,
947,2004,Belarus,Aleksandra & Konstantin,My Galileo,,
948,2004,Monaco,Maryon,Notre Planète,,
949,2004,Slovenia,Platin,Stay Forever,,
950,2004,Switzerland,Piero Esteriore & the MusicStars,Celebrate,,
951,2005,Greece,Helena Paparizou,My Number One,1.0,230.0
952,2005,Malta,Chiara,Angel,2.0,192.0
953,2005,Romania,Luminita Anghel & Sistem,Let Me Try,3.0,158.0
954,2005,Israel,Shiri Maymon,Hasheket Shenish'ar,4.0,154.0
955,2005,Latvia,Walter & Kazha,The War Is Not Over,5.0,153.0
956,2005,Moldova,Zdob şi Zdub,Boonika Bate Doba,6.0,148.0
957,2005,Serbia & Montenegro,No Name,Zauvijek Moja,7.0,137.0
958,2005,Switzerland,Vanilla Ninja,Cool Vibes,8.0,128.0
959,2005,Norway,Wig Wam,In My Dreams,9.0,125.0
960,2005,Denmark,Jakob Sveistrup,Talking To You,9.0,125.0
961,2005,Croatia,Boris Novkovic feat. Lado members,Vukovi Umiru Sami,11.0,115.0
962,2005,Hungary,NOX,Forogj Világ,12.0,97.0
963,2005,Turkey,Gülseren,Rimi Rimi Ley,13.0,92.0
964,2005,Bosnia & Herzegovina,Feminnem,Call Me,14.0,79.0
965,2005,Russia,Natalia Podolskaya,Nobody Hurt No One,15.0,57.0
966,2005,Albania,Ledina Celo,Tomorrow I Go,16.0,53.0
967,2005,North Macedonia,Martin Vucic,Make My Day,17.0,52.0
968,2005,Cyprus,Constantinos Christoforou,Ela Ela,18.0,46.0
969,2005,Sweden,Martin Stenmarck,Las Vegas,19.0,30.0
970,2005,Ukraine,Greenjolly,Razom Nas Bahato,19.0,30.0
971,2005,Spain,Son de sol,Brujería,21.0,28.0
972,2005,United Kingdom,Javine,Touch My Fire,22.0,18.0
973,2005,France,Ortal,Chacun Pense à Soi,23.0,11.0
974,2005,Germany,Gracia,Run & Hide,24.0,4.0
975,2005,Poland,Ivan & Delfin,Czarna Dziewczyna,,
976,2005,Slovenia,Omar Naber,Stop,,
977,2005,Belarus,Angelica Agurbash,Love Me Tonight,,
978,2005,Netherlands,Glennis Grace,My Impossible Dream,,
979,2005,Ireland,Donna and Joseph McCaul,Love?,,
980,2005,Iceland,Selma,If I Had Your Love,,
981,2005,Portugal,2B,Amar,,
982,2005,Finland,Geir Rönning,Why,,
983,2005,Bulgaria,Kaffe,Lorraine,,
984,2005,Estonia,Suntribe,Let's Get Loud,,
985,2005,Austria,Global.Kryner,Y Así,,
986,2005,Belgium,Nuno Resende,Le Grand Soir,,
987,2005,Andorra,Marian van de Wal,La Mirada Interior,,
988,2005,Monaco,Lise Darly,Tout De Moi,,
989,2005,Lithuania,Laura and the Lovers,Little By Little,,
990,2006,Finland,Lordi,Hard Rock Hallelujah,1.0,292.0
991,2006,Russia,Dima Bilan,Never Let You Go,2.0,248.0
992,2006,Bosnia & Herzegovina,Hari Mata Hari,Lejla,3.0,229.0
993,2006,Romania,Mihai Traistariu,Tornero,4.0,172.0
994,2006,Sweden,Carola,Invincible,5.0,170.0
995,2006,Lithuania,LT United,We Are The Winners,6.0,162.0
996,2006,Ukraine,Tina Karol,Show Me Your Love,7.0,145.0
997,2006,Armenia,André,Without Your Love,8.0,129.0
998,2006,Greece,Anna Vissi,Everything,9.0,128.0
999,2006,Ireland,Brian Kennedy,Every Song Is A Cry For Love,10.0,93.0
1000,2006,Turkey,Sibel Tüzün,Superstar,11.0,91.0
1001,2006,North Macedonia,Elena Risteska,Ninanajna,12.0,56.0
1002,2006,Croatia,Severina,Moja tikla,12.0,56.0
1003,2006,Norway,Christine Guldbrandsen,Alvedansen,14.0,36.0
1004,2006,Germany,Texas Lightning,"No, No, Never",14.0,36.0
1005,2006,Switzerland,Six4One,If We All Give A Little,16.0,30.0
1006,2006,Latvia,Cosmos,I Hear Your Heart,16.0,30.0
1007,2006,Denmark,Sidsel Ben Semmane,Twist Of Love,18.0,26.0
1008,2006,United Kingdom,Daz Sampson,Teenage Life,19.0,25.0
1009,2006,Moldova,Arsenium & Natalia Gordienko,Loca,20.0,22.0
1010,2006,Spain,Las Ketchup,Bloody Mary,21.0,18.0
1011,2006,France,Virginie Pouchin,Il était Temps,22.0,5.0
1012,2006,Israel,Eddie Butler,Ze Hazman,23.0,4.0
1013,2006,Malta,Fabrizio Faniello,I Do,24.0,1.0
1014,2006,Poland,Ich Troje,Follow My Heart,,
1015,2006,Belgium,Kate Ryan,Je t'adore,,
1016,2006,Iceland,Silvia Night,Congratulations,,
1017,2006,Albania,Luiz Ejlli,Zjarr E Ftohtë,,
1018,2006,Cyprus,Annet Artani,Why Angels Cry,,
1019,2006,Slovenia,Anej Dean,Mr. Nobody,,
1020,2006,Bulgaria,Mariana Popova,Let Me Cry,,
1021,2006,Estonia,Sandra,Through My Window,,
1022,2006,Portugal,Nonstop,Coisas De Nada,,
1023,2006,Netherlands,Treble,Amambanda,,
1024,2006,Monaco,Séverine Ferrer,La Coco-dance,,
1025,2006,Belarus,Polina Smolova,Mum,,
1026,2006,Andorra,Jennifer,Sense Tu,,
1027,2007,Serbia,Marija Šerifović,Molitva,1.0,268.0
1028,2007,Ukraine,Verka Serduchka,Dancing Lasha Tumbai,2.0,235.0
1029,2007,Russia,Serebro,Song # 1,3.0,207.0
1030,2007,Turkey,Kenan Dogulu,Shake It Up Shekerim,4.0,163.0
1031,2007,Bulgaria,Elitsa Todorova & Stoyan Yankulov,Water,5.0,157.0
1032,2007,Belarus,Dmitry Koldun,Work Your Magic,6.0,145.0
1033,2007,Greece,Sarbel,Yassou Maria,7.0,139.0
1034,2007,Armenia,Hayko,Anytime You Need,8.0,138.0
1035,2007,Hungary,Magdi Rúzsa,Unsubstantial Blues,9.0,128.0
1036,2007,Moldova,Natalia Barbu,Fight,10.0,109.0
1037,2007,Bosnia & Herzegovina,Marija Sestic,Rijeka Bez Imena,11.0,106.0
1038,2007,Georgia,Sopho,Visionary Dream,12.0,97.0
1039,2007,Romania,Todomondo,"Liubi, Liubi, I Love You",13.0,84.0
1040,2007,North Macedonia,Karolina,Mojot Svet,14.0,73.0
1041,2007,Slovenia,Alenka Gotar,Cvet Z Juga,15.0,66.0
1042,2007,Latvia,Bonaparti.lv,Questa Notte,16.0,54.0
1043,2007,Finland,Hanna Pakarinen,Leave Me Alone,17.0,53.0
1044,2007,Sweden,The Ark,The Worrying Kind,18.0,51.0
1045,2007,Germany,Roger Cicero,Frauen Regieren Die Welt,19.0,49.0
1046,2007,Spain,NASH,I Love You Mi Vida,20.0,43.0
1047,2007,Lithuania,4Fun,Love Or Leave,21.0,28.0
1048,2007,France,Les Fatals Picards,L'amour à La Française,22.0,19.0
1049,2007,United Kingdom,Scooch,Flying The Flag (for You),22.0,19.0
1050,2007,Ireland,Dervish,They Can't Stop The Spring,24.0,5.0
1051,2007,Portugal,Sabrina,Dança Comigo (vem Ser Feliz),,
1052,2007,Andorra,Anonymous,Salvem El Món,,
1053,2007,Iceland,Eiríkur Hauksson,Valentine Lost,,
1054,2007,Poland,The Jet Set,Time To Party,,
1055,2007,Cyprus,Evridiki,"Comme Ci, Comme ça",,
1056,2007,Croatia,Dragonfly feat. Dado Topic,Vjerujem U Ljubav,,
1057,2007,Albania,Aida & Frederik Ndoci,Hear My Plea,,
1058,2007,Norway,Guri Schanke,Ven A Bailar Conmigo,,
1059,2007,Denmark,DQ,Drama Queen,,
1060,2007,Switzerland,DJ BoBo,Vampires Are Alive,,
1061,2007,Netherlands,Edsilia Rombley,On Top Of The World,,
1062,2007,Montenegro,Stevan Faddy,Ajde Kroci,,
1063,2007,Estonia,Gerli Padar,Partners In Crime,,
1064,2007,Israel,Teapacks,Push The Button,,
1065,2007,Malta,Olivia Lewis,Vertigo,,
1066,2007,Belgium,The KMG's,Love Power,,
1067,2007,Austria,Eric Papilaya,Get A Life - Get Alive,,
1068,2007,Czech Republic,Kabát,Malá Dáma,,
1069,2008,Russia,Dima Bilan,Believe,1.0,272.0
1070,2008,Ukraine,Ani Lorak,Shady Lady,2.0,230.0
1071,2008,Greece,Kalomira,Secret Combination,3.0,218.0
1072,2008,Armenia,Sirusho,"Qele, Qele",4.0,199.0
1073,2008,Norway,Maria,Hold On Be Strong,5.0,182.0
1074,2008,Serbia,Jelena Tomašević feat. Bora Dugic,Oro,6.0,160.0
1075,2008,Turkey,Mor ve Ötesi,Deli,7.0,138.0
1076,2008,Azerbaijan,Elnur & Samir,Day After Day,8.0,132.0
1077,2008,Israel,Boaz,The Fire In Your Eyes,9.0,124.0
1078,2008,Bosnia & Herzegovina,Laka,Pokušaj,10.0,110.0
1079,2008,Georgia,Diana Gurtskaya,Peace Will Come,11.0,83.0
1080,2008,Latvia,Pirates Of The Sea,Wolves Of The Sea,12.0,83.0
1081,2008,Portugal,Vânia Fernandes,Senhora Do Mar (Negras Águas),13.0,69.0
1082,2008,Iceland,Euroband,This Is My Life,14.0,64.0
1083,2008,Denmark,Simon Mathew,All Night Long,15.0,60.0
1084,2008,Spain,Rodolfo Chikilicuatre,Baila El Chiki Chiki,16.0,55.0
1085,2008,Albania,Olta Boka,Zemrën E Lamë Peng,17.0,55.0
1086,2008,Sweden,Charlotte Perrelli,Hero,18.0,47.0
1087,2008,France,Sébastien Tellier,Divine,19.0,47.0
1088,2008,Romania,Nico & Vlad,Pe-o Margine De Lume,20.0,45.0
1089,2008,Croatia,Kraljevi Ulice & 75 Cents,Romanca,21.0,44.0
1090,2008,Finland,Teräsbetoni,Missä Miehet Ratsastaa,22.0,35.0
1091,2008,Germany,No Angels,Disappear,23.0,14.0
1092,2008,Poland,Isis Gee,For Life,24.0,14.0
1093,2008,United Kingdom,Andy Abraham,Even If,25.0,14.0
1094,2008,North Macedonia,"Tamara, Vrčak & Adrijan",Let Me Love You,,
1095,2008,Bulgaria,Deep Zone & Balthazar,"DJ, Take Me Away",,
1096,2008,Switzerland,Paolo Meneguzzi,Era Stupendo,,
1097,2008,Malta,Morena,Vodka,,
1098,2008,Slovenia,Rebeka Dremelj,Vrag Naj Vzame,,
1099,2008,Moldova,Geta Burlacu,A Century Of Love,,
1100,2008,Cyprus,Evdokia Kadi,Femme Fatale,,
1101,2008,Lithuania,Jeronimas Milius,Nomads In The Night,,
1102,2008,Netherlands,Hind,Your Heart Belongs To Me,,
1103,2008,Belarus,Ruslan Alehno,Hasta La Vista,,
1104,2008,Montenegro,Stefan Filipović,Zauvijek Volim Te,,
1105,2008,Ireland,Dustin the Turkey,Irelande Douze Pointe,,
1106,2008,Andorra,Gisela,Casanova,,
1107,2008,Belgium,Ishtar,O Julissi,,
1108,2008,Czech Republic,Tereza Kerndlová,Have Some Fun,,
1109,2008,Estonia,Kreisiraadio,Leto Svet,,
1110,2008,Hungary,Csézy,Candlelight,,
1111,2008,San Marino,Miodio,Complice,,
1112,2009,Norway,Alexander Rybak,Fairytale,1.0,387.0
1113,2009,Iceland,Yohanna,Is It True?,2.0,218.0
1114,2009,Azerbaijan,AySel & Arash,Always,3.0,207.0
1115,2009,Turkey,Hadise,Düm Tek Tek,4.0,177.0
1116,2009,United Kingdom,Jade Ewen,It's My Time,5.0,173.0
1117,2009,Estonia,Urban Symphony,Rändajad,6.0,129.0
1118,2009,Greece,Sakis Rouvas,This Is Our Night,7.0,120.0
1119,2009,France,Patricia Kaas,Et S'il Fallait Le Faire,8.0,107.0
1120,2009,Bosnia & Herzegovina,Regina,Bistra Voda,9.0,106.0
1121,2009,Armenia,Inga & Anush,Jan Jan,10.0,92.0
1122,2009,Russia,Anastasia Prikhodko,Mamo,11.0,91.0
1123,2009,Ukraine,Svetlana Loboda,Be my Valentine! (Anti-crisis Girl),12.0,76.0
1124,2009,Denmark,Brinck,Believe Again,13.0,74.0
1125,2009,Moldova,Nelly Ciobanu,Hora Din Moldova,14.0,69.0
1126,2009,Portugal,Flor-de-lis,Todas As Ruas Do Amor,15.0,57.0
1127,2009,Israel,Noa & Mira Awad,There Must Be Another Way,16.0,53.0
1128,2009,Albania,Kejsi Tola,Carry Me In Your Dreams,17.0,48.0
1129,2009,Croatia,Igor Cukrov feat. Andrea,Lijepa Tena,18.0,45.0
1130,2009,Romania,Elena,The Balkan Girls,19.0,40.0
1131,2009,Germany,Alex Swings Oscar Sings!,Miss Kiss Kiss Bang,20.0,35.0
1132,2009,Sweden,Malena Ernman,La Voix,21.0,33.0
1133,2009,Malta,Chiara,What If We,22.0,31.0
1134,2009,Lithuania,Sasha Son,Love,23.0,23.0
1135,2009,Spain,Soraya,La Noche Es Para Mí (The Night Is For Me),24.0,23.0
1136,2009,Finland,Waldo's People,Lose Control,25.0,22.0
1137,2009,Serbia,Marko Kon & Milaan,Cipela,,
1138,2009,Ireland,Sinéad Mulvey & Black Daisy,Et Cetera,,
1139,2009,North Macedonia,Next Time,Neshto Shto Ke Ostane,,
1140,2009,Montenegro,Andrea Demirović,Just Get Out of My Life,,
1141,2009,Poland,Lidia Kopania,I Don't Wanna Leave,,
1142,2009,Cyprus,Christina Metaxa,Firefly,,
1143,2009,Belarus,Petr Elfimov,Eyes That Never Lie,,
1144,2009,Switzerland,Lovebugs,The Highest Heights,,
1145,2009,Hungary,Zoli Ádok,Dance With Me,,
1146,2009,Slovenia,Quartissimo feat. Martina,Love Symphony,,
1147,2009,Netherlands,The Toppers,Shine,,
1148,2009,Andorra,Susanne Georgi,La Teva Decisió (Get A Life),,
1149,2009,Slovakia,Kamil Mikulčík & Nela Pocisková,Leť Tmou,,
1150,2009,Bulgaria,Krassimir Avramov,Illusion,,
1151,2009,Latvia,Intars Busulis,Probka,,
1152,2009,Belgium,Copycat,,,
1153,2009,Czech Republic,Gipsy.cz,Aven Romale,,
1154,2010,Germany,Lena,Satellite,1.0,246.0
1155,2010,Turkey,maNga,We Could Be The Same,2.0,170.0
1156,2010,Romania,Paula Seling & Ovi,Playing With Fire,3.0,162.0
1157,2010,Denmark,Chanée & N'evergreen,In A Moment Like This,4.0,149.0
1158,2010,Azerbaijan,Safura,Drip Drop,5.0,145.0
1159,2010,Belgium,Tom Dice,Me And My Guitar,6.0,143.0
1160,2010,Armenia,Eva Rivas,Apricot Stone,7.0,141.0
1161,2010,Greece,Giorgos Alkaios & Friends,OPA,8.0,140.0
1162,2010,Georgia,Sofia Nizharadze,Shine,9.0,136.0
1163,2010,Ukraine,Alyosha,Sweet People,10.0,108.0
1164,2010,Russia,Peter Nalitch & Friends,Lost And Forgotten,11.0,90.0
1165,2010,France,Jessy Matador,Allez Olla Olé,12.0,82.0
1166,2010,Serbia,Milan Stanković,Ovo Je Balkan,13.0,72.0
1167,2010,Israel,Harel Skaat,Milim,14.0,71.0
1168,2010,Spain,Daniel Diges,Algo Pequeñito,15.0,68.0
1169,2010,Albania,Juliana Pasha,It's All About You,16.0,62.0
1170,2010,Bosnia & Herzegovina,Vukašin Brajić,Thunder and Lightning,17.0,51.0
1171,2010,Portugal,Filipa Azevedo,Há Dias Assim,18.0,43.0
1172,2010,Iceland,Hera Björk,Je Ne Sais Quoi,19.0,41.0
1173,2010,Norway,Didrik Solli-Tangen,My Heart Is Yours,20.0,35.0
1174,2010,Cyprus,Jon Lilygreen & The Islanders,Life Looks Better In Spring,21.0,27.0
1175,2010,Moldova,Sunstroke Project & Olia Tira,Run Away,22.0,27.0
1176,2010,Ireland,Niamh Kavanagh,It's For You,23.0,25.0
1177,2010,Belarus,3+2,Butterflies,24.0,18.0
1178,2010,United Kingdom,Josh,That Sounds Good To Me,25.0,10.0
1179,2010,Sweden,Anna Bergendahl,This Is My Life,,
1180,2010,Finland,Kuunkuiskaajat,Työlki Ellää,,
1181,2010,Lithuania,InCulto,Eastern European Funk,,
1182,2010,Malta,Thea Garrett,My Dream,,
1183,2010,Poland,Marcin Mroziński,Legenda,,
1184,2010,Estonia,Malcolm Lincoln,Siren,,
1185,2010,North Macedonia,Gjoko Taneski,Jas Ja Imam Silata,,
1186,2010,Croatia,Feminnem,Lako Je Sve,,
1187,2010,Netherlands,Sieneke,Ik Ben Verliefd (Sha-la-lie),,
1188,2010,Slovakia,Kristina Pelakova,Horehronie,,
1189,2010,Bulgaria,Miro,Angel Si Ti,,
1190,2010,Latvia,Aisha,What For?,,
1191,2010,Slovenia,Ansambel Žlindra & Kalamari,Narodnozabavni Rock,,
1192,2010,Switzerland,Michael von der Heide,Il Pleut de L'Or,,
1193,2011,Azerbaijan,Ell/Nikki,Running Scared,1.0,221.0
1194,2011,Italy,Raphael Gualazzi,Madness Of Love,2.0,189.0
1195,2011,Sweden,Eric Saade,Popular,3.0,185.0
1196,2011,Ukraine,Mika Newton,Angel,4.0,159.0
1197,2011,Denmark,A Friend In London,New Tomorrow,5.0,134.0
1198,2011,Bosnia & Herzegovina,Dino Merlin,Love In Rewind,6.0,125.0
1199,2011,Greece,Loucas Yiorkas feat. Stereo Mike,Watch My Dance,7.0,120.0
1200,2011,Ireland,Jedward,Lipstick,8.0,119.0
1201,2011,Georgia,Eldrine,One More Day,9.0,110.0
1202,2011,Germany,Lena,Taken By A Stranger,10.0,107.0
1203,2011,United Kingdom,Blue,I Can,11.0,100.0
1204,2011,Moldova,Zdob și Zdub,So Lucky,12.0,97.0
1205,2011,Slovenia,Maja Keuc,No One,13.0,96.0
1206,2011,Serbia,Nina,Čaroban,14.0,85.0
1207,2011,France,Amaury Vassili,Sognu,15.0,82.0
1208,2011,Russia,Alexej Vorobjov,Get You,16.0,77.0
1209,2011,Romania,Hotel FM,Change,17.0,77.0
1210,2011,Austria,Nadine Beiler,The Secret Is Love,18.0,64.0
1211,2011,Lithuania,Evelina Sašenko,C'est Ma Vie,19.0,63.0
1212,2011,Iceland,Sjonni's Friends,Coming Home,20.0,61.0
1213,2011,Finland,Paradise Oskar,Da Da Dam,21.0,57.0
1214,2011,Hungary,Kati Wolf,What About My Dreams?,22.0,53.0
1215,2011,Spain,Lucía Pérez,Que Me Quiten Lo Bailao,23.0,50.0
1216,2011,Estonia,Getter Jaani,Rockefeller Street,24.0,44.0
1217,2011,Switzerland,Anna Rossinelli,In Love For A While,25.0,19.0
1218,2011,Malta,Glen Vella,One Life,,
1219,2011,Armenia,Emmy,Boom Boom,,
1220,2011,Belgium,Witloof Bay,With Love Baby,,
1221,2011,Turkey,Yüksek Sadakat,Live It Up,,
1222,2011,Albania,Aurela Gaçe,Feel The Passion,,
1223,2011,Bulgaria,Poli Genova,Na Inat,,
1224,2011,Slovakia,TWiiNS,I'm Still Alive,,
1225,2011,Belarus,Anastasiya Vinnikova,I Love Belarus,,
1226,2011,Croatia,Daria,Celebrate,,
1227,2011,Israel,Dana International,Ding Dong,,
1228,2011,North Macedonia,Vlatko Ilievski,Rusinka,,
1229,2011,San Marino,Senit,Stand By,,
1230,2011,Norway,Stella Mwangi,Haba Haba,,
1231,2011,Latvia,Musiqq,Angel In Disguise,,
1232,2011,Portugal,Homens Da Luta,Luta É Alegria,,
1233,2011,Poland,Magdalena Tul,Jestem,,
1234,2011,Cyprus,Christos Mylordos,San Aggelos S'agapisa,,
1235,2011,Netherlands,3JS,Never Alone,,
1236,2012,Sweden,Loreen,Euphoria,1.0,372.0
1237,2012,Russia,Buranovskiye Babushki,Party For Everybody,2.0,259.0
1238,2012,Serbia,Željko Joksimović,Nije Ljubav Stvar,3.0,214.0
1239,2012,Azerbaijan,Sabina Babayeva,When The Music Dies,4.0,150.0
1240,2012,Albania,Rona Nishliu,Suus,5.0,146.0
1241,2012,Estonia,Ott Lepland,Kuula,6.0,120.0
1242,2012,Turkey,Can Bonomo,Love Me Back,7.0,112.0
1243,2012,Germany,Roman Lob,Standing Still,8.0,110.0
1244,2012,Italy,Nina Zilli,L'Amore È Femmina (Out Of Love),9.0,101.0
1245,2012,Spain,Pastora Soler,Quédate Conmigo,10.0,97.0
1246,2012,Moldova,Pasha Parfeny,Lăutar,11.0,81.0
1247,2012,Romania,Mandinga,Zaleilah,12.0,71.0
1248,2012,North Macedonia,Kaliopi,Crno I Belo,13.0,71.0
1249,2012,Lithuania,Donny Montell,Love Is Blind,14.0,70.0
1250,2012,Ukraine,Gaitana,Be My Guest,15.0,65.0
1251,2012,Cyprus,Ivi Adamou,La La Love,16.0,65.0
1252,2012,Greece,Eleftheria Eleftheriou,Aphrodisiac,17.0,64.0
1253,2012,Bosnia & Herzegovina,Maya Sar,Korake Ti Znam,18.0,55.0
1254,2012,Ireland,Jedward,Waterline,19.0,46.0
1255,2012,Iceland,Greta Salóme & Jónsi,Never Forget,20.0,46.0
1256,2012,Malta,Kurt Calleja,This Is The Night,21.0,41.0
1257,2012,France,Anggun,Echo (You And I),22.0,21.0
1258,2012,Denmark,Soluna Samay,Should've Known Better,23.0,21.0
1259,2012,Hungary,Compact Disco,Sound Of Our Hearts,24.0,19.0
1260,2012,United Kingdom,Engelbert Humperdinck,Love Will Set You Free,25.0,12.0
1261,2012,Norway,Tooji,Stay,26.0,7.0
1262,2012,Bulgaria,Sofi Marinova,Love Unlimited,,
1263,2012,Switzerland,Sinplus,Unbreakable,,
1264,2012,Croatia,Nina Badrić,Nebo,,
1265,2012,Finland,Pernilla,När Jag Blundar,,
1266,2012,Portugal,Filipa Sousa,Vida Minha,,
1267,2012,Georgia,Anri Jokhadze,I'm A Joker,,
1268,2012,Netherlands,Joan Franka,You And Me,,
1269,2012,Belarus,Litesound,We Are The Heroes,,
1270,2012,Israel,Izabo,Time,,
1271,2012,San Marino,Valentina Monetta,The Social Network Song (Oh Oh – Uh - Oh Oh),,
1272,2012,Slovenia,Eva Boto,Verjamem,,
1273,2012,Slovakia,Max Jason Mai,Don't Close Your Eyes,,
1274,2012,Montenegro,Rambo Amadeus,Euro Neuro,,
1275,2012,Latvia,Anmary,Beautiful Song,,
1276,2012,Belgium,Iris,Would You?,,
1277,2012,Austria,Trackshittaz,Woki Mit Deim Popo,,
1278,2013,Denmark,Emmelie de Forest,Only Teardrops,1.0,281.0
1279,2013,Azerbaijan,Farid Mammadov,Hold Me,2.0,234.0
1280,2013,Ukraine,Zlata Ognevich,Gravity,3.0,214.0
1281,2013,Norway,Margaret Berger,I Feed You My Love,4.0,191.0
1282,2013,Russia,Dina Garipova,What If,5.0,174.0
1283,2013,Greece,Koza Mostra feat. Agathon Iakovidis,Alcohol Is Free,6.0,152.0
1284,2013,Italy,Marco Mengoni,L'Essenziale,7.0,126.0
1285,2013,Malta,Gianluca,Tomorrow,8.0,120.0
1286,2013,Netherlands,Anouk,Birds,9.0,114.0
1287,2013,Hungary,ByeAlex,Kedvesem,10.0,84.0
1288,2013,Moldova,Aliona Moon,O Mie,11.0,71.0
1289,2013,Belgium,Roberto Bellarosa,Love Kills,12.0,71.0
1290,2013,Romania,Cezar,It's My Life,13.0,65.0
1291,2013,Sweden,Robin Stjernberg,You,14.0,62.0
1292,2013,Georgia,Nodi Tatishvili & Sophie Gelovani,Waterfall,15.0,50.0
1293,2013,Belarus,Alyona Lanskaya,Solayoh,16.0,48.0
1294,2013,Iceland,Eythor Ingi,Ég Á Líf,17.0,47.0
1295,2013,Armenia,Dorians,Lonely Planet,18.0,41.0
1296,2013,United Kingdom,Bonnie Tyler,Believe In Me,19.0,23.0
1297,2013,Estonia,Birgit,Et Uus Saaks Alguse,20.0,19.0
1298,2013,Germany,Cascada,Glorious,21.0,18.0
1299,2013,Lithuania,Andrius Pojavis,Something,22.0,17.0
1300,2013,France,Amandine Bourgeois,L'enfer Et Moi,23.0,14.0
1301,2013,Finland,Krista Siegfrids,Marry Me,24.0,13.0
1302,2013,Spain,ESDM,Contigo Hasta El Final (With You Until The End),25.0,8.0
1303,2013,Ireland,Ryan Dolan,Only Love Survives,26.0,5.0
1304,2013,Serbia,Moje 3,Ljubav Je Svuda,,
1305,2013,San Marino,Valentina Monetta,Crisalide (Vola),,
1306,2013,Bulgaria,"Elitsa Todorova, Stoyan Yankulov",Samo Shampioni,,
1307,2013,Montenegro,Who See,Igranka,,
1308,2013,Switzerland,Takasa,You And Me,,
1309,2013,Croatia,Klapa s mora,Mižerja,,
1310,2013,Israel,Moran Mazor,Rak Bishvilo,,
1311,2013,Albania,Adrian Lulgjuraj & Bledar Sejko,Identitet,,
1312,2013,Austria,Natália Kelly,Shine,,
1313,2013,North Macedonia,Esma & Lozano,Pred Da Se Razdeni,,
1314,2013,Latvia,PeR,Here We Go,,
1315,2013,Cyprus,Despina Olympiou,An Me Thimasai,,
1316,2013,Slovenia,Hannah,Straight Into Love,,
1317,2014,Austria,Conchita Wurst,Rise Like a Phoenix,1.0,290.0
1318,2014,Netherlands,The Common Linnets,Calm After The Storm,2.0,238.0
1319,2014,Sweden,Sanna Nielsen,Undo,3.0,218.0
1320,2014,Armenia,Aram MP3,Not Alone,4.0,174.0
1321,2014,Hungary,András Kállay-Saunders,Running,5.0,143.0
1322,2014,Ukraine,Mariya Yaremchuk,Tick - Tock,6.0,113.0
1323,2014,Russia,Tolmachevy Sisters,Shine,7.0,89.0
1324,2014,Norway,Carl Espen,Silent Storm,8.0,88.0
1325,2014,Denmark,Basim,Cliche Love Song,9.0,74.0
1326,2014,Spain,Ruth Lorenzo,Dancing in the rain,10.0,74.0
1327,2014,Finland,Softengine,Something Better,11.0,72.0
1328,2014,Romania,Paula Seling & OVI,Miracle,12.0,72.0
1329,2014,Switzerland,Sebalter,Hunter Of Stars,13.0,64.0
1330,2014,Poland,Donatan & Cleo,My Słowianie - We Are Slavic,14.0,62.0
1331,2014,Iceland,Pollapönk,No Prejudice,15.0,58.0
1332,2014,Belarus,Teo,Cheesecake,16.0,43.0
1333,2014,United Kingdom,Molly,Children of the Universe,17.0,40.0
1334,2014,Germany,Elaiza,Is It Right,18.0,39.0
1335,2014,Montenegro,Sergej Ćetković,Moj Svijet,19.0,37.0
1336,2014,Greece,Freaky Fortune feat. RiskyKidd,Rise Up,20.0,35.0
1337,2014,Italy,Emma,La Mia Città,21.0,33.0
1338,2014,Azerbaijan,Dilara Kazimova,Start A Fire,22.0,33.0
1339,2014,Malta,Firelight,Coming Home,23.0,32.0
1340,2014,San Marino,Valentina Monetta,Maybe (Forse),24.0,14.0
1341,2014,Slovenia,Tinkara Kovač,Round and Round,25.0,9.0
1342,2014,France,TWIN TWIN,Moustache,26.0,2.0
1343,2014,Portugal,Suzy,Quero Ser Tua,,
1344,2014,Lithuania,Vilija Matačiūnaitė,Attention,,
1345,2014,Ireland,Can-Linn feat. Kasey Smith,Heartbeat,,
1346,2014,Estonia,Tanja,Amazing,,
1347,2014,North Macedonia,Tijana,To the Sky,,
1348,2014,Latvia,Aarzemnieki,Cake To Bake,,
1349,2014,Belgium,Axel Hirsoux,Mother,,
1350,2014,Albania,Hersi,One Night's Anger,,
1351,2014,Israel,Mei Finegold,Same Heart,,
1352,2014,Georgia,The Shin and Mariko,Three Minutes To Earth,,
1353,2014,Moldova,Cristina Scarlat,Wild Soul,,
1354,2015,Sweden,Måns Zelmerlöw,Heroes,1.0,365.0
1355,2015,Russia,Polina Gagarina,A Million Voices,2.0,303.0
1356,2015,Italy,Il Volo,Grande Amore,3.0,292.0
1357,2015,Belgium,Loïc Nottet,Rhythm Inside,4.0,217.0
1358,2015,Australia,Guy Sebastian,Tonight Again,5.0,196.0
1359,2015,Latvia,Aminata Savadogo,Love Injected,6.0,186.0
1360,2015,Estonia,Elina Born & Stig Rästa,Goodbye to Yesterday,7.0,106.0
1361,2015,Norway,Mørland & Debrah Scarlett,A Monster Like Me,8.0,102.0
1362,2015,Israel,Nadav Guedj,Golden Boy,9.0,97.0
1363,2015,Serbia,Bojana Stamenov,Beauty Never Lies,10.0,53.0
1364,2015,Georgia,Nina Sublatti,Warrior,11.0,51.0
1365,2015,Azerbaijan,Elnur Hüseynov,Hour Of The Wolf,12.0,49.0
1366,2015,Montenegro,Knez,Adio,13.0,44.0
1367,2015,Slovenia,Maraaya,Here for You,14.0,39.0
1368,2015,Romania,Voltaj,De La Capăt / All Over Again,15.0,35.0
1369,2015,Armenia,Genealogy,Face The Shadow,16.0,34.0
1370,2015,Albania,Elhaida Dani,I'm Alive,17.0,34.0
1371,2015,Lithuania,Monika & Vaidas,This Time,18.0,30.0
1372,2015,Greece,Maria Elena Kyriakou,One Last Breath,19.0,23.0
1373,2015,Hungary,Boggie,Wars For Nothing,20.0,19.0
1374,2015,Spain,Edurne,Amanecer,21.0,15.0
1375,2015,Cyprus,John Karayiannis,One Thing I Should Have Done,22.0,11.0
1376,2015,Poland,Monika Kuszyńska,In The Name Of Love,23.0,10.0
1377,2015,United Kingdom,Electro Velvet,Still in Love with You,24.0,5.0
1378,2015,France,Lisa Angell,N’oubliez pas,25.0,4.0
1379,2015,Austria,The Makemakes,I Am Yours,26.0,0.0
1380,2015,Germany,Ann Sophie,Black Smoke,27.0,0.0
1381,2015,Moldova,Eduard Romanyuta,I Want Your Love,,
1382,2015,Malta,Amber,Warrior,,
1383,2015,Belarus,Uzari & Maimuna,Time,,
1384,2015,Ireland,Molly Sterling,Playing With Numbers,,
1385,2015,Denmark,Anti Social Media,The Way You Are,,
1386,2015,Netherlands,Trijntje Oosterhuis,Walk Along,,
1387,2015,Czech Republic,Marta Jandová & Václav Noid Bárta,Hope Never Dies,,
1388,2015,North Macedonia,Daniel Kajmakoski,Autumn Leaves,,
1389,2015,Portugal,Leonor Andrade,Há um mar que nos Separa,,
1390,2015,Iceland,María Ólafsdóttir,Unbroken,,
1391,2015,Finland,Pertti Kurikan Nimipäivät,Aina Mun Pitää,,
1392,2015,San Marino,Michele Perniola & Anita Simoncini,Chain Of Lights,,
1393,2015,Switzerland,Mélanie René,Time To Shine,,
1394,2016,Ukraine,Jamala,1944,1.0,534.0
1395,2016,Australia,Dami Im,Sound of Silence,2.0,511.0
1396,2016,Russia,Sergey Lazarev,You Are the Only One,3.0,491.0
1397,2016,Bulgaria,Poli Genova,If Love Was a Crime,4.0,307.0
1398,2016,Sweden,Frans,If I Were Sorry,5.0,261.0
1399,2016,France,Amir,J'ai Cherché,6.0,257.0
1400,2016,Armenia,Iveta Mukuchyan,LoveWave,7.0,249.0
1401,2016,Poland,Michał Szpak,Color of Your Life,8.0,229.0
1402,2016,Lithuania,Donny Montell,I've Been Waiting for This Night,9.0,200.0
1403,2016,Belgium,Laura Tesoro,What's the Pressure,10.0,181.0
1404,2016,Netherlands,Douwe Bob,Slow Down,11.0,153.0
1405,2016,Malta,Ira Losco,Walk on Water,12.0,153.0
1406,2016,Austria,Zoë,Loin d'ici,13.0,151.0
1407,2016,Israel,Hovi Star,Made of Stars,14.0,135.0
1408,2016,Latvia,Justs,Heartbeat,15.0,132.0
1409,2016,Italy,Francesca Michielin,No Degree of Separation,16.0,124.0
1410,2016,Azerbaijan,Samra,Miracle,17.0,117.0
1411,2016,Serbia,Sanja Vučić ZAA,Goodbye (Shelter),18.0,115.0
1412,2016,Hungary,Freddie,Pioneer,19.0,108.0
1413,2016,Georgia,Nika Kocharov & Young Georgian Lolitaz,Midnight Gold,20.0,104.0
1414,2016,Cyprus,Minus One,Alter Ego,21.0,96.0
1415,2016,Spain,Barei,Say Yay!,22.0,77.0
1416,2016,Croatia,Nina Kraljić,Lighthouse,23.0,73.0
1417,2016,United Kingdom,Joe & Jake,You're Not Alone,24.0,62.0
1418,2016,Czech Republic,Gabriela Gunčíková,I Stand,25.0,41.0
1419,2016,Germany,Jamie-Lee Kriewitz,Ghost,26.0,11.0
1420,2016,Bosnia & Herzegovina,Dalal & Deen feat. Ana Rucner & Jala,Ljubav Je,,
1421,2016,North Macedonia,Kaliopi,Dona,,
1422,2016,Belarus,Ivan,Help You Fly,,
1423,2016,San Marino,Serhat,I Didn't Know,,
1424,2016,Norway,Agnete,Icebreaker,,
1425,2016,Montenegro,Highway,The Real Thing,,
1426,2016,Slovenia,ManuElla,Blue and Red,,
1427,2016,Iceland,Greta Salóme,Hear Them Calling,,
1428,2016,Finland,Sandhja,Sing It Away,,
1429,2016,Ireland,Nicky Byrne,Sunlight,,
1430,2016,Albania,Eneda Tarifa,Fairytale,,
1431,2016,Greece,Argo,Utopian Land,,
1432,2016,Denmark,Lighthouse X,Soldiers of Love,,
1433,2016,Moldova,Lidia Isac,Falling Stars,,
1434,2016,Switzerland,Rykka,The Last of Our Kind,,
1435,2016,Estonia,Jüri Pootsmann,Play,,
1436,2017,Portugal,Salvador Sobral,Amar Pelos Dois,1.0,758.0
1437,2017,Bulgaria,Kristian Kostov,Beautiful Mess,2.0,615.0
1438,2017,Moldova,Sunstroke Project,Hey Mamma,3.0,374.0
1439,2017,Belgium,Blanche,City Lights,4.0,363.0
1440,2017,Sweden,Robin Bengtsson,I Can't Go On,5.0,344.0
1441,2017,Italy,Francesco Gabbani,Occidentali's Karma,6.0,334.0
1442,2017,Romania,Ilinca feat. Alex Florea,Yodel It!,7.0,282.0
1443,2017,Hungary,Joci Pápai,Origo,8.0,200.0
1444,2017,Australia,Isaiah Firebrace,Don't Come Easy,9.0,173.0
1445,2017,Norway,Jowst,Grab the Moment,10.0,158.0
1446,2017,Netherlands,OG3NE,Lights And Shadows,11.0,150.0
1447,2017,France,Alma,Requiem,12.0,135.0
1448,2017,Croatia,Jacques Houdek,My Friend,13.0,128.0
1449,2017,Azerbaijan,Dihaj,Skeletons,14.0,120.0
1450,2017,United Kingdom,Lucie Jones,Never Give Up on You,15.0,111.0
1451,2017,Austria,Nathan Trent,Running On Air,16.0,93.0
1452,2017,Belarus,Naviband,Historyja Majho Zyccia,17.0,83.0
1453,2017,Armenia,Artsvik,Fly With Me,18.0,79.0
1454,2017,Greece,Demy,This is Love,19.0,77.0
1455,2017,Denmark,Anja,Where I Am,20.0,77.0
1456,2017,Cyprus,Hovig,Gravity,21.0,68.0
1457,2017,Poland,Kasia Moś,Flashlight,22.0,64.0
1458,2017,Israel,Imri Ziv,I Feel Alive,23.0,39.0
1459,2017,Ukraine,O.Torvald,Time,24.0,36.0
1460,2017,Germany,Levina,Perfect Life,25.0,6.0
1461,2017,Spain,Manel Navarro,Do It for Your Lover,26.0,5.0
1462,2017,Georgia,Tamara Gachechiladze,Keep The Faith,,
1463,2017,Serbia,Tijana Bogićević,In Too Deep,,
1464,2017,Switzerland,Timebelle,Apollo,,
1465,2017,Finland,Norma John,Blackbird,,
1466,2017,Ireland,Brendan Murray,Dying To Try,,
1467,2017,Estonia,Koit Toome & Laura,Verona,,
1468,2017,Czech Republic,Martina Bárta,My Turn,,
1469,2017,Albania,Lindita,World,,
1470,2017,North Macedonia,Jana Burčeska,Dance Alone,,
1471,2017,Iceland,Svala,Paper,,
1472,2017,Montenegro,Slavko Kalezić,Space,,
1473,2017,Malta,Claudia Faniello,Breathlessly,,
1474,2017,Lithuania,Fusedmarc,Rain Of Revolution,,
1475,2017,Slovenia,Omar Naber,On My Way,,
1476,2017,Latvia,Triana Park,Line,,
1477,2017,San Marino,Valentina Monetta & Jimmie Wilson,Spirit Of The Night,,
1478,2018,Israel,Netta Barzilai,Toy,1.0,529.0
1479,2018,Cyprus,Eleni Foureira,Fuego,2.0,436.0
1480,2018,Austria,Cesár Sampson,Nobody But You,3.0,342.0
1481,2018,Germany,Michael Schulte,You Let Me Walk Alone,4.0,340.0
1482,2018,Italy,Ermal Meta & Fabrizio Moro,Non Mi Avete Fatto Niente,5.0,308.0
1483,2018,Czech Republic,Mikolas Josef,Lie To Me,6.0,281.0
1484,2018,Sweden,Benjamin Ingrosso,Dance You Off,7.0,274.0
1485,2018,Estonia,Elina Nechayeva,La Forza,8.0,245.0
1486,2018,Denmark,Rasmussen,Higher Ground,9.0,226.0
1487,2018,Moldova,DoReDos,My Lucky Day,10.0,209.0
1488,2018,Albania,Eugent Bushpepa,Mall,11.0,184.0
1489,2018,Lithuania,Ieva Zasimauskaitė,When We're Old,12.0,181.0
1490,2018,France,Madame Monsieur,Mercy,13.0,173.0
1491,2018,Bulgaria,Equinox,Bones,14.0,166.0
1492,2018,Norway,Alexander Rybak,That's How You Write a Song,15.0,144.0
1493,2018,Ireland,Ryan O'Shaughnessy,Together,16.0,136.0
1494,2018,Ukraine,Mélovin,Under the Ladder,17.0,130.0
1495,2018,Netherlands,Waylon,Outlaw In 'Em,18.0,121.0
1496,2018,Serbia,Sanja Ilić & Balkanika,Nova Deca,19.0,113.0
1497,2018,Australia,Jessica Mauboy,We Got Love,20.0,99.0
1498,2018,Hungary,AWS,Viszlát Nyár,21.0,93.0
1499,2018,Slovenia,Lea Sirk,"Hvala, ne!",22.0,64.0
1500,2018,Spain,Amaia & Alfred,Tu Canción,23.0,61.0
1501,2018,United Kingdom,SuRie,Storm,24.0,48.0
1502,2018,Finland,Saara Aalto,Monsters,25.0,46.0
1503,2018,Portugal,Cláudia Pascoal,O Jardim,26.0,39.0
1504,2018,Romania,The Humans,Goodbye,,
1505,2018,Latvia,Laura Rizzotto,Funny Girl,,
1506,2018,Malta,Christabelle,Taboo,,
1507,2018,Azerbaijan,Aisel,X My Heart,,
1508,2018,Belgium,Sennek,A Matter of Time,,
1509,2018,Switzerland,Zibbz,Stones,,
1510,2018,Poland,Gromee feat. Lukas Meijer,Light Me Up,,
1511,2018,Greece,Yianna Terzi,Oniro Mou,,
1512,2018,Armenia,Sevak Khanagyan,Qami,,
1513,2018,Russia,Julia Samoylova,I Won't Break,,
1514,2018,Belarus,Alekseev,Forever,,
1515,2018,Croatia,Franka,Crazy,,
1516,2018,Montenegro,Vanja Radovanović,Inje,,
1517,2018,San Marino,Jessika feat. Jenifer Brening,Who We Are,,
1518,2018,Georgia,Ethno-Jazz Band Iriao,For You,,
1519,2018,North Macedonia,Eye Cue,Lost And Found,,
1520,2018,Iceland,Ari Ólafsson,Our Choice,,
1521,2019,Netherlands,Duncan Laurence,Arcade,1.0,498.0
1522,2019,Italy,Mahmood,Soldi,2.0,472.0
1523,2019,Russia,Sergey Lazarev,Scream,3.0,370.0
1524,2019,Switzerland,Luca Hänni,She Got Me,4.0,364.0
1525,2019,Sweden,John Lundvik,Too Late for Love,5.0,334.0
1526,2019,Norway,KEiiNO,Spirit in the Sky,6.0,331.0
1527,2019,North Macedonia,Tamara Todevska,Proud,7.0,305.0
1528,2019,Azerbaijan,Chingiz,Truth,8.0,302.0
1529,2019,Australia,Kate Miller-Heidke,Zero Gravity,9.0,284.0
1530,2019,Iceland,Hatari,Hatrið mun sigra,10.0,232.0
1531,2019,Czech Republic,Lake Malawi,Friend of a Friend,11.0,157.0
1532,2019,Denmark,Leonora,Love Is Forever,12.0,120.0
1533,2019,Cyprus,Tamta,Replay,13.0,109.0
1534,2019,Malta,Michela Pace,Chameleon,14.0,107.0
1535,2019,Slovenia,Zala Kralj & Gašper Šantl,Sebi,15.0,105.0
1536,2019,France,Bilal Hassani,Roi,16.0,105.0
1537,2019,Albania,Jonida Maliqi,Ktheju Tokës,17.0,90.0
1538,2019,Serbia,Nevena Božović,Kruna,18.0,89.0
1539,2019,San Marino,Serhat,Say Na Na Na,19.0,77.0
1540,2019,Estonia,Victor Crone,Storm,20.0,76.0
1541,2019,Greece,Katerine Duska,Better Love,21.0,74.0
1542,2019,Spain,Miki,La Venda,22.0,54.0
1543,2019,Israel,Kobi Marimi,Home,23.0,35.0
1544,2019,Belarus,Zena,Like It,24.0,31.0
1545,2019,Germany,S!sters,Sister,25.0,24.0
1546,2019,United Kingdom,Michael Rice,Bigger Than Us,26.0,11.0
1547,2019,Poland,Tulia,Pali się,,
1548,2019,Hungary,Joci Pápai,Az én apám,,
1549,2019,Lithuania,Jurij Veklenko,Run with the Lions,,
1550,2019,Moldova,Anna Odobescu,Stay,,
1551,2019,Belgium,Eliot,Wake Up,,
1552,2019,Romania,Ester Peony,On a Sunday,,
1553,2019,Georgia,Oto Nemsadze,Keep on Going,,
1554,2019,Croatia,Roko,The Dream,,
1555,2019,Portugal,Conan Osíris,Telemóveis,,
1556,2019,Latvia,Carousel,That Night,,
1557,2019,Armenia,Srbuk,Walking Out,,
1558,2019,Montenegro,D mol,Heaven,,
1559,2019,Finland,Darude feat. Sebastian Rejman,Look Away,,
1560,2019,Austria,Pænda,Limits,,
1561,2019,Ireland,Sarah McTernan,22,,
1562,2020,France,Tom Leeb,The Best in Me,,
1563,2020,Germany,Ben Dolic,Violent Thing,,
1564,2020,Italy,Diodato,Fai rumore,,
1565,2020,Netherlands,Jeangu Macrooy,Grow,,
1566,2020,Spain,Blas Cantó,Universo,,
1567,2020,United Kingdom,James Newman,My Last Breath,,
1568,2020,Australia,Montaigne,Don't Break Me,,
1569,2020,Belarus,VAL,Da vidna,,
1570,2020,Ireland,Lesley Roy,Story Of My Life,,
1571,2020,Lithuania,The Roop,On Fire,,
1572,2020,North Macedonia,Vasil,You,,
1573,2020,Russia,Little Big,Uno,,
1574,2020,Slovenia,Ana Soklič,Voda,,
1575,2020,Sweden,The Mamas,Move,,
1576,2020,Azerbaijan,Samira Efendi,Cleopatra,,
1577,2020,Belgium,Hooverphonic,Release Me,,
1578,2020,Croatia,Damir Kedžo,Divlji vjetre,,
1579,2020,Cyprus,Sandro Nicolas,Running,,
1580,2020,Israel,Eden Alene,Feker Libi,,
1581,2020,Malta,Destiny,All Of My Love,,
1582,2020,Norway,Ulrikke Brandstorp,Attention,,
1583,2020,Romania,Roxen,Alcohol You,,
1584,2020,Ukraine,Go_A,Solovey,,
1585,2020,Austria,Vincent Bueno,Alive,,
1586,2020,Czech Republic,Benny Cristo,Kemama,,
1587,2020,Estonia,Uku Suviste,What Love Is,,
1588,2020,Greece,Stefania,Superg!rl​,,
1589,2020,Iceland,Daði & Gagnamagnið,Think About Things,,
1590,2020,Moldova,Natalia Gordienko,Prison,,
1591,2020,Poland,Alicja Szemplińska,Empires,,
1592,2020,San Marino,Senhit,Freaky!,,
1593,2020,Serbia,Hurricane,Hasta la vista,,
1594,2020,Albania,Arilena Ara,Fall From The Sky,,
1595,2020,Armenia,Athena Manoukian,Chains On You,,
1596,2020,Bulgaria,Victoria,Tears Getting Sober,,
1597,2020,Denmark,Ben & Tan,Yes,,
1598,2020,Finland,Aksel Kankaanranta,Looking Back,,
1599,2020,Georgia,Tornike Kipiani,Take Me As I Am,,
1600,2020,Latvia,Samanta Tīna,Still Breathing,,
1601,2020,Portugal,Elisa,Medo de sentir,,
1602,2020,Switzerland,Gjon's Tears,Répondez-moi,,
