Corry Brokken,1957,Netherlands,Net Als Toen
Paule Desjardins,1957,France,La Belle Amour
Birthe Wilke & Gustav Winckler,1957,Denmark,Skibet Skal Sejle I Nat
Danièle Dupré,1957,Luxembourg,Amours Mortes (Tant De Peine)
Margot Hielscher,1957,Germany,Telefon Telefon
Nunzio Gallo,1957,Italy,Corde Della Mia Chitarra
Patricia Bredin,1957,United Kingdom,All
Bobbejaan Schoepen,1957,Belgium,Straatdeuntje
Lys Assia,1957,Switzerland,L'enfant Que J'étais
Bob Martin,1957,Austria,Wohin Kleines Pony
André Claveau,1958,France,Dors Mon Amour
Lys Assia,1958,Switzerland,Giorgio
Domenico Modugno,1958,Italy,Nel Blu Dipinto Di Blu
Alice Babs,1958,Sweden,Lilla Stjärna
Fud Leclerc,1958,Belgium,Ma Petite Chatte
Liane Augustin,1958,Austria,Die Ganze Welt Braucht Liebe
Margot Hielscher,1958,Germany,Für Zwei Groschen Musik
Raquel Rastenni,1958,Denmark,Jeg Rev Et Blad Ud Af Min Dagbog
Corry Brokken,1958,Netherlands,Heel De Wereld
Solange Berry,1958,Luxembourg,Un Grand Amour
Teddy Scholten,1959,Netherlands,Een Beetje
Pearl Carr & Teddy Johnson,1959,United Kingdom,Sing Little Birdie
Jean Philippe,1959,France,Oui Oui Oui Oui
Christa Williams,1959,Switzerland,Irgendwoher
Birthe Wilke,1959,Denmark,Uh Jeg Ville Ønske Jeg Var Dig
Domenico Modugno,1959,Italy,Piove
Bob Benny,1959,Belgium,Hou Toch Van Mij
Alice and Ellen Kessler,1959,Germany,Heut' Woll'n Wir Tanzen Geh'n
Brita Borg,1959,Sweden,Augustin
Ferry Graf,1959,Austria,Der K. Und K. Kalypso Aus Wien
Jacques Pills,1959,Monaco,Mon Ami Pierrot
Jacqueline Boyer,1960,France,Tom Pillibi
Bryan Johnson,1960,United Kingdom,Looking High High High
François Deguelt,1960,Monaco,Ce Soir-là
Nora Brockstedt,1960,Norway,Voi-voi
Wyn Hoop,1960,Germany,Bonne Nuit Ma Chérie!
Fud Leclerc,1960,Belgium,Mon Amour Pour Toi
Harry Winter,1960,Austria,Du Hast Mich So Fasziniert
Anita Traversi,1960,Switzerland,Cielo E Terra
Renato Rascel,1960,Italy,Romantica
Siw Malmkvist,1960,Sweden,Alla Andra Får Varann
Katy Bødtger,1960,Denmark,Det Var En Yndig Tid
Rudi Carrell,1960,Netherlands,Wat Een Geluk
Camillo Felgen,1960,Luxembourg,So Laang We's Du Do Bast
Jean-Claude Pascal,1961,Luxembourg,Nous Les Amoureux
The Allisons,1961,United Kingdom,Are You Sure?
Franca di Rienzo,1961,Switzerland,Nous Aurons Demain
Jean-Paul Mauric,1961,France,Printemps (avril Carillonne)
Dario Campeotto,1961,Denmark,Angelique
Betty Curtis,1961,Italy,Al Di Là
Nora Brockstedt,1961,Norway,Sommer i Palma
Ljiljana Petrović,1961,Yugoslavia,Neke Davne Zvezde
Conchita Bautista,1961,Spain,Estando Contigo
Colette Deréal,1961,Monaco,Allons Allons Les Enfants
Laila Kinnunen,1961,Finland,Valoa Ikkunassa
Greetje Kauffeld,1961,Netherlands,Wat Een Dag
Lale Andersen,1961,Germany,Einmal Sehen Wir Uns Wieder
Lill-Babs,1961,Sweden,April April
Jimmy Makulis,1961,Austria,Sehnsucht
Bob Benny,1961,Belgium,September Gouden Roos
Isabelle Aubret,1962,France,Un Premier Amour
François Deguelt,1962,Monaco,Dis Rien
Camillo Felgen,1962,Luxembourg,Petit Bonhomme
Lola Novaković,1962,Yugoslavia,Ne Pali Svetlo U Sumrak
Ronnie Carroll,1962,United Kingdom,Ring-a-ding Girl
Conny Froboess,1962,Germany,Zwei Kleine Italiener
Marion Rung,1962,Finland,Tipi-tii
Inger Berggren,1962,Sweden,Sol Och Vår
Claudio Villa,1962,Italy,Addio Addio
Ellen Winther,1962,Denmark,Vuggevise
Inger Jacobsen,1962,Norway,Kom Sol Kom Regn
Jean Philippe,1962,Switzerland,Le Retour
Fud Leclerc,1962,Belgium,Ton Nom
Victor Balaguer,1962,Spain,Llámame
Eleonore Schwarz,1962,Austria,Nur In Der Wiener Luft
De Spelbrekers,1962,Netherlands,Katinka
Grethe & Jørgen Ingmann,1963,Denmark,Dansevise
Esther Ofarim,1963,Switzerland,T'en Va Pas
Emilio Pericoli,1963,Italy,Uno Per Tutte
Ronnie Carroll,1963,United Kingdom,Say Wonderful Things
Alain Barrière,1963,France,Elle était Si Jolie
Françoise Hardy,1963,Monaco,L'amour S'en Va
Carmela Corren,1963,Austria,Vielleicht Geschieht Ein Wunder
Nana Mouskouri,1963,Luxembourg,A Force De Prier
Heidi Brühl,1963,Germany,Marcel
Jacques Raymond,1963,Belgium,Waarom
Vice Vukov,1963,Yugoslavia,Brodovi
José Guardiola,1963,Spain,Algo Prodigioso
Annie Palmen,1963,Netherlands,Een Speeldoos
Anita Thallaug,1963,Norway,Solhverv
Laila Halme,1963,Finland,Muistojeni Laulu
Monica Zetterlund,1963,Sweden,En Gång I Stockholm
Gigliola Cinquetti,1964,Italy,Non Ho L'étà
Matt Monro,1964,United Kingdom,I Love The Little Things
Romuald,1964,Monaco,Où Sont-elles Passées?
Hugues Aufray,1964,Luxembourg,Dès Que Le Printemps Revient
Rachel,1964,France,Le Chant De Mallory
Udo Jürgens,1964,Austria,Warum Nur Warum?
Lasse Mårtenson,1964,Finland,Laiskotellen
Arne Bendiksen,1964,Norway,Spiral
Bjørn Tidmand,1964,Denmark,Sangen Om Dig
Anneke Grönloh,1964,Netherlands,Jij Bent Mijn Leven
Robert Cogoi,1964,Belgium,Près De Ma Rivière
Tim Nelly and Tony,1964,Spain,Caracola
Nora Nova,1964,Germany,Man Gewöhnt Sich So Schnell An Das Schöne
António Calvário,1964,Portugal,Oração
Sabahudin Kurt,1964,Yugoslavia,Život je sklopio krug
Anita Traversi,1964,Switzerland,I Miei Pensieri
France Gall,1965,Luxembourg,Poupée De Cire Poupée De Son
Kathy Kirby,1965,United Kingdom,I Belong
Guy Mardel,1965,France,N'avoue Jamais
Udo Jürgens,1965,Austria,Sag Ihr Ich Lass' Sie Grüßen
Bobby Solo,1965,Italy,Se Piangi Se Ridi
Butch Moore,1965,Ireland,I'm Walking The Streets In The Rain
Birgit Brüel,1965,Denmark,For Din Skyld
Yovanna,1965,Switzerland,Non à Jamais Sans Toi
Marjorie Noël,1965,Monaco,Va Dire à L'amour
Ingvar Wixell,1965,Sweden,Absent Friend
Conny Van den bos,1965,Netherlands,Het Is Genoeg
Vice Vukov,1965,Yugoslavia,Ceznja
Kirsti Sparboe,1965,Norway,Karusell
Simone de Oliviera,1965,Portugal,Sol De Inverno
Conchita Bautista,1965,Spain,Qué Bueno Qué Bueno
Ulla Wiesner,1965,Germany,Paradies Wo Bist Du?
Lize Marke,1965,Belgium,Als Het Weer Lente Is
Viktor Klimenko,1965,Finland,Aurinko Laskee Länteen
Udo Jürgens,1966,Austria,Merci Chérie
Lill Lindfors & Svante Thuresson,1966,Sweden,Nygammal Vals
Åse Kleveland,1966,Norway,Intet Er Nytt Under Solen
Tonia,1966,Belgium,Un Peu De Poivre Un Peu De Sel
Dickie Rock,1966,Ireland,Come Back To Stay
Madeleine Pascal,1966,Switzerland,Ne Vois-tu Pas?
Berta Ambroz,1966,Yugoslavia,Brez Besed
Raphael,1966,Spain,Yo Soy Aquél
Kenneth McKellar,1966,United Kingdom,A Man Without Love
Margot Eskens,1966,Germany,Die Zeiger Der Uhr
Michèle Torr,1966,Luxembourg,Ce Soir Je T'attendais
Ann-Christine Nyström,1966,Finland,Play-boy
Madalena Iglesias,1966,Portugal,Ele E Ela
Ulla Pia,1966,Denmark,Stop Ja Stop - Ja Stop Mens Legen Er Go
Milly Scott,1966,Netherlands,Fernando En Philippo
Dominique Walter,1966,France,Chez Nous
Tereza,1966,Monaco,Bien Plus Fort
Domenico Modugno,1966,Italy,Dio Come Ti Amo
Sandie Shaw,1967,United Kingdom,Puppet On A String
Sean Dunphy,1967,Ireland,If I Could Choose
Noëlle Cordier,1967,France,Il Doit Faire Beau Là-bas
Vicky,1967,Luxembourg,L'amour Est Bleu
Minouche Barelli,1967,Monaco,Boum-badaboum
Raphael,1967,Spain,Hablemos Del Amor
Louis Neefs,1967,Belgium,Ik Heb Zorgen
Östen Warnerbring,1967,Sweden,Som En Dröm
Inge Brück,1967,Germany,Anouschka
Lado Leskovar,1967,Yugoslavia,Vse Rože Sveta
Claudio Villa,1967,Italy,Non Andare Più Lontano
Eduardo Nascimento,1967,Portugal,O Vento Mudou
Fredi,1967,Finland,Varjoon-suojaan
Thérèse Steinmetz,1967,Netherlands,Ring-dinge
Peter Horten,1967,Austria,Warum Es Hunderttausend Sterne Gibt
Kirsti Sparboe,1967,Norway,Dukkemann
Géraldine,1967,Switzerland,Quel Cœur Vas-tu Briser?
Massiel,1968,Spain,La La La...
Cliff Richard,1968,United Kingdom,Congratulations
Isabelle Aubret,1968,France,La Source
Pat McGeegan,1968,Ireland,Chance Of A Lifetime
Claes-Göran Hederström,1968,Sweden,Det Börjar Verka Kärlek Banne Mej
Wencke Myhre,1968,Germany,Ein Hoch Der Liebe
Claude Lombard,1968,Belgium,Quand Tu Reviendras
Line & Willy,1968,Monaco,A Chacun Sa Chanson
Luci Kapurso & Hamo Hajdarhodzic,1968,Yugoslavia,Jedan Dan
Sergio Endrigo,1968,Italy,Marianne
Carlos Mendes,1968,Portugal,Verão
Chris Baldo & Sophie Garel,1968,Luxembourg,Nous Vivrons D'amour
Karel Gott,1968,Austria,Tausend Fenster
Gianni Mascolo,1968,Switzerland,Guardando Il Sole
Odd Børre,1968,Norway,Stress
Ronnie Tober,1968,Netherlands,Morgen
Kristina Hautala,1968,Finland,Kun Kello Käy
Salomé,1969,Spain,Vivo Cantando
Lulu,1969,United Kingdom,Boom Bang-a-bang
Lenny Kuhr,1969,Netherlands,De Troubadour
Frida Boccara,1969,France,Un Jour Un Enfant
Paola del Medico,1969,Switzerland,Bonjour Bonjour
Jean-Jacques,1969,Monaco,Maman Maman
Muriel Day and the Lindsays,1969,Ireland,The Wages Of Love
Louis Neefs,1969,Belgium,Jennifer Jennings
Tommy Körberg,1969,Sweden,Judy Min Vän
Siw Malmkvist,1969,Germany,Primaballerina
Romuald,1969,Luxembourg,Cathérine
Jarkko and Laura,1969,Finland,Kuin Silloin Ennen
Ivan & M's,1969,Yugoslavia,Pozdrav Svijetu
Iva Zanicchi,1969,Italy,Due Grosse Lacrime Bianche
Simone de Oliveira,1969,Portugal,Desfolhada Portuguesa
Kirsti Sparboe,1969,Norway,Oj Oj Oj Så Glad Jeg Skal Bli
Dana,1970,Ireland,All Kinds Of Everything
Mary Hopkin,1970,United Kingdom,Knock Knock (who's there?)
Katja Ebstein,1970,Germany,Wunder Gibt Es Immer Wieder
Henri Dès,1970,Switzerland,Retour
Guy Bonnet,1970,France,Marie Blanche
Julio Iglesias,1970,Spain,Gwendolyne
Patricia and Hearts of Soul,1970,Netherlands,Waterman
Gianni Morandi,1970,Italy,Occhi Di Ragazza
Jean Vallée,1970,Belgium,Viens L'oublier
Dominique Dussault,1970,Monaco,Marlène
Eva Sršen,1970,Yugoslavia,Pridi Dala Ti Bom Cvet
David-Alexandre Winter,1970,Luxembourg,Je Suis Tombé Du Ciel
Séverine,1971,Monaco,Un Banc Un Arbre Une Rue
Karina,1971,Spain,En Un Mundo Nuevo
Katja Ebstein,1971,Germany,Diese Welt
Clodagh Rodgers,1971,United Kingdom,Jack In The Box
Massimo Ranieri,1971,Italy,L'amore è Un Attimo
Family Four,1971,Sweden,Vita Vidder
Saskia and Serge,1971,Netherlands,De Tijd
Markku Aro and Koivisto Sisters,1971,Finland,Tie Uuteen Päivään
Tonicha,1971,Portugal,Menina Do Alto Da Serra
Serge Lama,1971,France,Un Jardin Sur La Terre
Angela Farrell,1971,Ireland,One Day Love
Peter Sue and Marc,1971,Switzerland,Les Illusions De Nos Vingt Ans
Monique Melsen,1971,Luxembourg,Pomme Pomme Pomme
Lily Castel and Jacques Raymond,1971,Belgium,Goeie Morgen Morgen
Krunoslav Slabinac,1971,Yugoslavia,Tvoj Djecak Je Tuzan
Marianne Mendt,1971,Austria,Musik
Hanne Krogh,1971,Norway,Lykken Er...
Joe Grech,1971,Malta,Marija L-Maltija
Vicky Leandros,1972,Luxembourg,Après Toi
The New Seekers,1972,United Kingdom,Beg Steal Or Borrow
Mary Roos,1972,Germany,Nur Die Liebe Läßt Uns Leben
Sandra and Andres,1972,Netherlands,Als Het Om De Liefde Gaat
The Milestones,1972,Austria,Falter Im Wind
Nicola di Bari,1972,Italy,I Giorni Dell' Arcobaleno
Carlos Mendes,1972,Portugal,A Festa Da Vida
Véronique Müller,1972,Switzerland,C'est La Chanson De Mon Amour
Tereza,1972,Yugoslavia,Muzika I Ti
Jaime Morey,1972,Spain,Amanece
Betty Mars,1972,France,Comé-comédie
Päivi Paunu and Kim Floor,1972,Finland,Muistathan
Family Four,1972,Sweden,Härliga Sommardag
Grethe Kausland & Benny Borg,1972,Norway,Småting
Sandie Jones,1972,Ireland,Ceol On Ghrá
Anne-Marie Godart and Peter MacLane,1972,Monaco,Comme On S'aime
Serge and Christine Ghisoland,1972,Belgium,À La Folie Ou Pas Du Tout
Helen and Joseph,1972,Malta,L-imħabba
Anne-Marie David,1973,Luxembourg,Tu Te Reconnaîtras
Mocedades,1973,Spain,Eres Tú
Cliff Richard,1973,United Kingdom,Power To All Our Friends
Ilanit,1973,Israel,Ey-sham
The Nova and The Dolls,1973,Sweden,You're Summer
Marion Rung,1973,Finland,Tom Tom Tom
Bendik Singers,1973,Norway,It's Just A Game
Gitte,1973,Germany,Junger Tag
Marie,1973,Monaco,Un Train Qui Part
Fernando Tordo,1973,Portugal,Tourada
Maxi,1973,Ireland,Do I Dream?
Patrick Juvet,1973,Switzerland,Je Me Vais Marier Marie
Massimo Ranieri,1973,Italy,Chi Sarà Con Te
Ben Cramer,1973,Netherlands,De Oude Muzikant
Zdravko Colic,1973,Yugoslavia,Gori Vatra
Martine Clémenceau,1973,France,Sans Toi
Nicole and Hugo,1973,Belgium,Baby Baby
ABBA,1974,Sweden,Waterloo
Gigliola Cinquetti,1974,Italy,Si
Mouth and MacNeal,1974,Netherlands,I See A Star
Olivia Newton-John,1974,United Kingdom,Long Live Love
Ireen Sheer,1974,Luxembourg,Bye Bye I Love You
Romuald,1974,Monaco,Celui Qui Reste Et Celui Qui S'en Va
Kaveret (Poogy),1974,Israel,Natati La Khayay
Tina,1974,Ireland,Cross Your Heart
Peret,1974,Spain,Canta Y Se Feliz
Jacques Hustin,1974,Belgium,Fleur De Liberté
Marinella,1974,Greece,Krassi Thalassa Ke T'agori Mou
Korni,1974,Yugoslavia,Moja Generacija
Carita,1974,Finland,Äla Mene Pois (keep Me Warm)
Anne-Karine Ström and the Bendik Singers,1974,Norway,The First Day Of Love
Cindy und Bert,1974,Germany,Die Sommermelodie
Piera Martell,1974,Switzerland,Mein Ruf Nach Dir
Paulo de Carvalho,1974,Portugal,E Depois Do Adeus
Teach-In,1975,Netherlands,Ding-A-Dong
The Shadows,1975,United Kingdom,Let Me Be The One
Wess & Dori Ghezzi,1975,Italy,Era
Nicole Rieu,1975,France,Et Bonjour à Toi L'artiste
Géraldine,1975,Luxembourg,Toi
Simone Drexel,1975,Switzerland,Mikado
Pihasoittajat,1975,Finland,Old Man Fiddle
Lars Berghagen and the Dolls,1975,Sweden,Jennie Jennie
The Swarbriggs,1975,Ireland,That's What Friends Are For
Sergio & Estíbaliz,1975,Spain,Tú Volverás
Shlomo Artzi,1975,Israel,At Va'Ani
Renato,1975,Malta,Singing This Song
Pepel In Kri,1975,Yugoslavia,Dan Ljubezni
Sophie,1975,Monaco,Une Chanson C'est Une Lettre
Ann Christy,1975,Belgium,Gelukkig Zijn
Duarte Mendes,1975,Portugal,Madrugada
Joy Fleming,1975,Germany,Ein Lied Kann Eine Brücke Sein
Ellen Nikolaysen,1975,Norway,You Touched My Life With Summer
Semiha Yanki,1975,Turkey,Seninle Bir Dakika
Brotherhood of Man,1976,United Kingdom,Save Your Kisses For Me
Catherine Ferry,1976,France,Un Deux Trois
Mary Christy,1976,Monaco,Toi La Musique Et Moi
Peter Sue and Marc,1976,Switzerland,Djambo Djambo
Waterloo and Robinson,1976,Austria,My Little World
Chocolate Menta Mastik,1976,Israel,Emor Shalom
Romina and Al Bano,1976,Italy,We'll Live It All Again
Pierre Rapsat,1976,Belgium,Judy Et Cie.
Sandra Reemer,1976,Netherlands,The Party's Over Now
Red Hurley,1976,Ireland,When
Fredi and The Friends,1976,Finland,Pump-pump
Carlos do Carmo,1976,Portugal,Uma Flor De Verde Pinho
Mariza Koch,1976,Greece,Panaghia Mou Panaghia Mou
Jürgen Marcus,1976,Luxembourg,Chansons Pour Ceux Qui S'aiment
Les Humphries Singers,1976,Germany,Sing Sang Song
Braulio,1976,Spain,Sobran Las Palabras
Ambasadori,1976,Yugoslavia,Ne Mogu Skriti Svoju Bol
Anne-Karine Ström,1976,Norway,Mata Hari
Marie Myriam,1977,France,L'oiseau Et L'enfant
Lynsey de Paul and Mike Moran,1977,United Kingdom,Rock Bottom
The Swarbriggs Plus Two,1977,Ireland,It's Nice To Be In Love Again
Michèle Torr,1977,Monaco,Une Petite Française
Pascalis Marianna Robert and Bessy,1977,Greece,Mathima Solfez
Pepe Lienhard Band,1977,Switzerland,Swiss Lady
Dream Express,1977,Belgium,A Million In One Two Three
Silver Convention,1977,Germany,Telegram
Micky,1977,Spain,Enseñame A Cantar
Monica Aspelund,1977,Finland,Lapponia
Ilanit,1977,Israel,Ah-haa-vah Hee Shir Lish-naa-yim
Heddy Lester,1977,Netherlands,De Mallemolen
Mia Martini,1977,Italy,Liberà
Anita Skorgan,1977,Norway,Casanova
Os Amigos,1977,Portugal,Portugal No Coração
Anne Marie B.,1977,Luxembourg,Frère Jacques
Schmetterlinge,1977,Austria,Boom Boom Boomerang
Forbes,1977,Sweden,Beatles
Izhar Cohen and the Alphabeta,1978,Israel,A-Ba-Ni-Bi
Jean Vallée,1978,Belgium,L'amour ça Fait Chanter La Vie
Joël Prévost,1978,France,Il Y Aura Toujours Des Violons
Caline and Olivier Toussaint,1978,Monaco,Les Jardins De Monaco
Colm T. Wilkinson,1978,Ireland,Born To Sing
Ireen Sheer,1978,Germany,Feuer
Baccara,1978,Luxembourg,Parlez-vous Français?
Tania Tsanaklidou,1978,Greece,Charlie Chaplin
José Vélez,1978,Spain,Bailemos Un Vals
Carole Vinci,1978,Switzerland,Vivre
Co-Co,1978,United Kingdom,The Bad Old Days
Ricchi e Poveri,1978,Italy,Questo Amore
Harmony,1978,Netherlands,'t Is Ok
Björn Skifs,1978,Sweden,Det Blir Alltid Värre Framåt Natten
Springtime,1978,Austria,Mrs. Caroline Robinson
Mabel,1978,Denmark,Boom Boom
Gemini,1978,Portugal,Dai-li-dou
Seija Simola,1978,Finland,Anna Rakkaudelle Tilaisuus
Nazar,1978,Turkey,Sevince
Jahn Teigen,1978,Norway,Mil Etter Mil
Milk and Honey,1979,Israel,Hallelujah
Betty Missiego,1979,Spain,Su Canción
Anne-Marie David,1979,France,Je Suis L'enfant-soleil
Cathal Dunne,1979,Ireland,Happy Man
Tommy Seebach,1979,Denmark,Disco Tango
Black Lace,1979,United Kingdom,Mary Ann
Elpida,1979,Greece,Socrati
Manuela Bravo,1979,Portugal,Sobe Sobe Balão Sobe
Peter Sue and Marc and Pfuri Gorps and Kniri,1979,Switzerland,Trödler Und Co.
Anita Skorgan,1979,Norway,Oliver
Xandra,1979,Netherlands,Colorado
Jeane Manson,1979,Luxembourg,J'ai Déjà Vu ça Dans Tes Yeux
Katri-Helena,1979,Finland,Katson Sineen Taivaan
Matia Bazar,1979,Italy,Raggio Di Luna
Laurent Vaguener,1979,Monaco,Notre Vie C'est La Musique
Ted Gärdestad,1979,Sweden,Satellit
Micha Marah,1979,Belgium,Hey Nana
Christina Simon,1979,Austria,Heute In Jerusalem
Johnny Logan,1980,Ireland,What's Another Year
Katja Ebstein,1980,Germany,Theater
Prima Donna,1980,United Kingdom,Love Enough For Two
Paola,1980,Switzerland,Cinéma
Maggie MacNeal,1980,Netherlands,Amsterdam
Alan Sorrenti,1980,Italy,Non So Che Darei
José Cid,1980,Portugal,Um Grande Grande Amor
Blue Danube,1980,Austria,Du Bist Musik
Sophie and Magaly,1980,Luxembourg,Papa Pingouin
Tomas Ledin,1980,Sweden,Just Nu!
Profil,1980,France,Hé Hé M'sieurs Dames
Trigo Limpio,1980,Spain,Quédate Esta Noche
Anna Vissi and the Epikouri,1980,Greece,Otostop
Bamses Venner,1980,Denmark,Tænker Altid På Dig
Ajda Pekkan,1980,Turkey,Petr'oil
Sverre Kjellsberg & Mattis Hætta,1980,Norway,Sámiid Ædnan
Telex,1980,Belgium,Euro-vision
Samira Bensaïd,1980,Morocco,Bitakat Hob
Vesa-Matti Loiri,1980,Finland,Huilumies
Bucks Fizz,1981,United Kingdom,Making Your Mind Up
Lena Valaitis,1981,Germany,Johnny Blue
Jean Gabilou,1981,France,Humanahum
Peter Sue and Marc,1981,Switzerland,Io Senza Tei
Sheeba,1981,Ireland,Horoscopes
Island,1981,Cyprus,Monika
Habibi,1981,Israel,Halaylah
Yiannis Dimitras,1981,Greece,Feggari Kalokerino
Linda Williams,1981,Netherlands,Het Is Een Wonder
Björn Skifs,1981,Sweden,Fångad I En Dröm
Jean-Claude Pascal,1981,Luxembourg,C'est Peut-être Pas L'Amérique
Debbie Cameron and Tommy Seebach,1981,Denmark,Krøller Eller Ej
Emly Starr,1981,Belgium,Samson
Bacchelli,1981,Spain,Y Solo Tú
Seid-Memic Vajta,1981,Yugoslavia,Leila
Riki Sorsa,1981,Finland,Reggae O.k.
Marty Brem,1981,Austria,Wenn Du Da Bist
Modern Folk Trio and Aysegül,1981,Turkey,Dönme Dolap
Carlos Paião,1981,Portugal,Play-back
Finn Kalvik,1981,Norway,Aldri i Livet
Nicole,1982,Germany,Ein Bißchen Frieden
Avi Toledano,1982,Israel,Hora
Arlette Zola,1982,Switzerland,Amour On T'aime
Stella,1982,Belgium,Si Tu Aimes Ma Musique
Anna Vissi,1982,Cyprus,Mono I Agapi
Svetlana,1982,Luxembourg,Cour Apres Le Temps
Bardo,1982,United Kingdom,One Step Further
Chips,1982,Sweden,Dag Efter Dag
Mess,1982,Austria,Sonntag
Lucía,1982,Spain,Él
The Duskeys,1982,Ireland,Here Today Gone Tomorrow
Jahn Teigen & Anita Skorgan,1982,Norway,Adieu
Doce,1982,Portugal,Bem-bom
Aska,1982,Yugoslavia,Halo Halo
Neço,1982,Turkey,Hani
Bill van Dijk,1982,Netherlands,Jij En Ik
Brixx,1982,Denmark,Video-video
Kojo,1982,Finland,Nuku Pommiin
Corinne Hermès,1983,Luxembourg,Si La Vie Est Cadeau
Ofra Haza,1983,Israel,Hi
Carola Häggkvist,1983,Sweden,Främling
Danijel,1983,Yugoslavia,Dzuli
Hoffmann und Hoffmann,1983,Germany,Rücksicht
Sweet Dreams,1983,United Kingdom,I'm Never Giving Up
Bernadette,1983,Netherlands,Sing Me A Song
Guy Bonnet,1983,France,Vivre
Jahn Teigen,1983,Norway,Do Re Mi
Westend,1983,Austria,Hurricane
Riccardo Fogli,1983,Italy,Per Lucia
Ami Aspelund,1983,Finland,Fantasiaa
Armando Gama,1983,Portugal,Esta Balada Que Te Dou
Christie Stassinopoulou,1983,Greece,Mou Les
Mariella Farré,1983,Switzerland,Io Così Non Ci Sto
Stavros and Constantina,1983,Cyprus,I Agapi Akoma Zi
Gry Johansen,1983,Denmark,Kloden Drejer
Pas de Deux,1983,Belgium,Rendez-vous
Çetin Alp and the Short Wave,1983,Turkey,Opera
Remedios Amaya,1983,Spain,¿Quién Maneja Mi Barca?
Herrey's,1984,Sweden,Diggi-loo Diggy-ley
Linda Martin,1984,Ireland,Terminal '3'
Bravo,1984,Spain,Lady Lady
Hot Eyes,1984,Denmark,Det' Lige Det
Jacques Zegers,1984,Belgium,Avanti La Vie
Alice and Battiato,1984,Italy,I Treni Di Tozeur
Belle and the Devotions,1984,United Kingdom,Love Games
Annick Thoumazeau,1984,France,Autant D'amoureux Que D'étoiles
Kirka,1984,Finland,Hengaillaan
Sophie Carle,1984,Luxembourg,100% D'amour
Maria Guinot,1984,Portugal,Silêncio E Tanta Gente
Bes Yil Önce On Yil Sonra,1984,Turkey,Halay
Maribelle,1984,Netherlands,Ik Hou Van Jou
Mary Roos,1984,Germany,Aufrecht Geh'n
Andy Paul,1984,Cyprus,Anna Maria Lena
Rainy Day,1984,Switzerland,Welche Farbe Hat Der Sonnenschein
Dollie de Luxe,1984,Norway,Lenge Leve Livet
Vlado and Isolda,1984,Yugoslavia,Ciao Amore
Anita,1984,Austria,Einfach Weg
Bobbysocks,1985,Norway,La Det Swinge
Wind,1985,Germany,Für Alle
Kikki Danielsson,1985,Sweden,Bra Vibrationer
Vikki,1985,United Kingdom,Love Is...
Izhar Cohen,1985,Israel,Olé Olé
Maria Christian,1985,Ireland,Wait Until The Weekend Comes
Al Bano and Romina Power,1985,Italy,Magic Oh Magic
Gary Lux,1985,Austria,Kinder Dieser Welt
Sonja Lumme,1985,Finland,Eläköön Elämä
Roger Bens,1985,France,Femme Dans Ses Rêves Aussi
Hot Eyes,1985,Denmark,Sku' Du Spør Fra No'n
Mariella Farré and Pino Gasparini,1985,Switzerland,Piano Piano
Margo Franck Diane Ireen Malcolm & Chris,1985,Luxembourg,Children Kinder Enfants
Paloma San Basilio,1985,Spain,La Fiesta Terminó
MFÖ,1985,Turkey,Di Dai Di Dai Dai (Aşık oldum)
Lia Vishy,1985,Cyprus,To Katalava Arga
Takis Biniaris,1985,Greece,Miazoume
Adelaïde,1985,Portugal,Penso Em Ti Eu Sei
Linda Lepomme,1985,Belgium,Laat Me Nu Gaan
Sandra Kim,1986,Belgium,J'aime La Vie
Daniela Simons,1986,Switzerland,Pas Pour Moi
Sherisse Laurence,1986,Luxembourg,L'amour De Ma Vie
Luv Bug,1986,Ireland,You Can Count On Me
Lasse Holm & Monica Törnell,1986,Sweden,E' De' Det Här Du Kallar Kärlek
Lise Haavik and Trax,1986,Denmark,Du Er Fuld Af Løgn
Ryder,1986,United Kingdom,Runner In The Night
Ingrid Peters,1986,Germany,Über Die Brücke Geh'n
Klips ve Onlar,1986,Turkey,Halley
Cadillac,1986,Spain,Valentino
Doris Dragović,1986,Yugoslavia,Željo Moja
Ketil Stokkan,1986,Norway,Romeo
Frizzle Sizzle,1986,Netherlands,Alles Heeft Ritme
Dora,1986,Portugal,Não Sejas Mau Para Mim
Kari Kuivalainen,1986,Finland,Päivä Kahden Ihmisen
Icy,1986,Iceland,Gleðibankinn
Cocktail Chic,1986,France,Européennes
Timna Brauer,1986,Austria,Die Zeit Ist Einsam
Moti Galadi and Sarai Tzuriel,1986,Israel,Yavoh Yom
Elpida,1986,Cyprus,Tora Zo
Johnny Logan,1987,Ireland,Hold Me Now
Wind,1987,Germany,Laß Die Sonne In Dein Herz
Umberto Tozzi and Raf,1987,Italy,Gente Di Mare
Novi Fosili,1987,Yugoslavia,Ja Sam Za Ples
Marcha,1987,Netherlands,Rechtop In De Wind
Anne-Cathrine Herdorf,1987,Denmark,En Lille Melodi
Alexia,1987,Cyprus,Aspro Mavro
Datner and Kushnir,1987,Israel,Shir Habatlanim
Kate Gulbrandsen,1987,Norway,Mitt Liv
Bang,1987,Greece,Stop!
Liliane Saint-Pierre,1987,Belgium,Soldiers Of Love
Lotta Engberg,1987,Sweden,Boogaloo
Rikki,1987,United Kingdom,Only The Light
Christine Minier,1987,France,Les Mots D'amour N'ont Pas De Dimanche
Vicky Rosti,1987,Finland,Sata Salamaa
Halla Margarét,1987,Iceland,Hægt Og Hljótt
Carole Rich,1987,Switzerland,Moitié Moitié
Nevada,1987,Portugal,Neste Barco à Vela
Patricia Kraus,1987,Spain,No Estás Solo
Gary Lux,1987,Austria,Nur Noch Gefühl
Plastic Bertrand,1987,Luxembourg,Amour Amour
Seyyal Tanner & Lokomotif,1987,Turkey,Şarkım sevgi üstüne
Céline Dion,1988,Switzerland,Ne Partez Pas Sans Moi
Scott Fitzgerald,1988,United Kingdom,Go
Kirsten & Søren,1988,Denmark,Ka' Du Se Hva' Jeg Sa'
Lara Fabian,1988,Luxembourg,Croire
Karoline Krüger,1988,Norway,For Vår Jord
Srebrna Krila,1988,Yugoslavia,Mangup
Yardena Arazi,1988,Israel,Ben Adam
Jump the Gun,1988,Ireland,Take Him Home
Gerard Joling,1988,Netherlands,Shangri-la
Gérard Lenorman,1988,France,Chanteur De Charme
La Década,1988,Spain,La Chica Que Yo Quiero (made In Spain)
Tommy Körberg,1988,Sweden,Stad I Ljus
Luca Barbarossa,1988,Italy,Ti Scrivo
Maxi and Chris Garden,1988,Germany,Lied Für Einen Freund
MFÖ,1988,Turkey,Sufi
Beathoven,1988,Iceland,Sókrates
Aphroditi Fryda,1988,Greece,Kloun
Reynaert,1988,Belgium,Laissez Briller Le Soleil
Dora,1988,Portugal,Voltarei
Boulevard,1988,Finland,Nauravat Silmät Muistetaan
Wilfried,1988,Austria,Lisa Mona Lisa
Riva,1989,Yugoslavia,Rock Me
Live Report,1989,United Kingdom,Why Do I Always Get It Wrong
Birthe Kjær,1989,Denmark,Vi Maler Byen Rød
Tommy Nilsson,1989,Sweden,En Dag
Thomas Forstner,1989,Austria,Nur Ein Lied
Nina,1989,Spain,Nacida Para Amar
Anneli Saaristo,1989,Finland,La Dolce Vita
Nathalie Pâque,1989,France,J'ai Volé La Vie
Anna Oxa and Fausto Leali,1989,Italy,Avrei Voluto
Marianna,1989,Greece,To Diko Sou Asteri
Fanny Polymeri and Yiannis Savvidakis,1989,Cyprus,Apopse As Vrethoume
Gili & Galit,1989,Israel,Derech Ha'melech
Furbaz,1989,Switzerland,Viver Senza Tei
Nino de Angelo,1989,Germany,Flieger
Justine Pelmelay,1989,Netherlands,Blijf Zoals Je Bent
Da Vinci,1989,Portugal,Conquistador
Britt Synnøve Johansen,1989,Norway,Venners Nærhet
Kiev Connolly and the Missing Passengers,1989,Ireland,The Real Me
Ingeborg,1989,Belgium,Door De Wind
Park Café,1989,Luxembourg,Monsieur
Pan,1989,Turkey,Bana Bana
Daníel Augúst Haraldsson,1989,Iceland,Það Sem Enginn Sér
Toto Cutugno,1990,Italy,Insieme: 1992
Joelle Ursull,1990,France,White And Black Blues
Liam Reilly,1990,Ireland,Somewhere In Europe
Stjórnin,1990,Iceland,Eitt Lag Enn
Azúcar Moreno,1990,Spain,Bandido
Emma,1990,United Kingdom,Give A Little Love Back To The World
Tajci,1990,Yugoslavia,Hajde Da Ludujemo
Lonnie Devantier,1990,Denmark,Hallo Hallo
Chris Kempers and Daniel Kovac,1990,Germany,Frei Zu Leben
Simone,1990,Austria,Keine Mauern Mehr
Egon Egemann,1990,Switzerland,Musik Klingt In Die Welt Hinaus
Philippe Lafontaine,1990,Belgium,Macédomienne
Céline Carzo,1990,Luxembourg,Quand Je Te Rêve
Haris Anastasiou,1990,Cyprus,Milas Poli
Maywood,1990,Netherlands,Ik Wil Alles Met Je Delen
Edin-Ådahl,1990,Sweden,Som En Vind
Kayahan,1990,Turkey,Gözlerinin Hapsindeyim
Rita,1990,Israel,Shara Barechovot
Christos Callow and Wave,1990,Greece,Horis Skopo
Nucha,1990,Portugal,Há Sempre Alguém
Ketil Stokkan,1990,Norway,Brandenburger Tor
Beat,1990,Finland,Fri?
Carola,1991,Sweden,Fångad Av En Stormvind
Amina,1991,France,C'est Le Dernier Qui A Parlé Qui A Raison
Duo Datz,1991,Israel,Kan
Sergio Dalma,1991,Spain,Bailar Pegados
Sandra Simò,1991,Switzerland,Canzone Per Te
Paul Giordimaina and Georgina,1991,Malta,Could It Be
Peppino di Capri,1991,Italy,Comme E' Ddoce 'o Mare
Dulce,1991,Portugal,Lusitana Paixão
Elena Patroclou,1991,Cyprus,S.O.S.
Kim Jackson,1991,Ireland,Could It Be That I'm In Love
Samantha Janus,1991,United Kingdom,A Message To Your Heart
Izel Çeliköz Rayhan Soykarçi and Can Ugurluér,1991,Turkey,Iki Dakika
Sofia Vossou,1991,Greece,I Anixi
Sarah Bray,1991,Luxembourg,Un Baiser Volé
Stefán and Eyfi,1991,Iceland,Nina
Clouseau,1991,Belgium,Geef Het Op
Just 4 Fun,1991,Norway,Mrs. Thompson
Atlantis 2000,1991,Germany,Dieser Traum Darf Niemals Sterben
Anders Frandsen,1991,Denmark,Lige Der Hvor Hjertet Slår
Kaija,1991,Finland,Hullu Yö
Baby Doll,1991,Yugoslavia,Brazil
Thomas Forstner,1991,Austria,Venedig Im Regen
Linda Martin,1992,Ireland,Why Me
Michael Ball,1992,United Kingdom,One Step Out Of Time
Mary Spiteri,1992,Malta,Little Child
Mia Martini,1992,Italy,Rapsodia
Cleopatra,1992,Greece,Olou Tou Kosmou tin Elpida
Dafna,1992,Israel,Ze Rak Sport
Heart 2 Heart,1992,Iceland,Nei Eða Já
Kali,1992,France,Monté La Riviè
Humphrey Campbell,1992,Netherlands,Wijs Me De Weg
Tony Wegas,1992,Austria,Zusammen Geh'n
Evridiki,1992,Cyprus,Teriazoume
Kenny & Lotte,1992,Denmark,Alt Det Som Ingen Ser
Extra Nena,1992,Yugoslavia,Ljubim Te Pesmama
Serafin,1992,Spain,Todo Esto Es La Música
Daisy Auvray,1992,Switzerland,Mister Music Man
Wind,1992,Germany,Träume Sind Für Alle Da
Diná,1992,Portugal,Amor D'água Fresca
Merethe Trøan,1992,Norway,Visjoner
Aylin Vatankos,1992,Turkey,Yaz Bitti
Morgane,1992,Belgium,Nous On Veut Des Violons
Marion Welter and Kontinent,1992,Luxembourg,Sou Fräi
Christer Björkman,1992,Sweden,I Morgon är En Annan Dag
Pave,1992,Finland,Yamma Yamma
Niamh Kavanagh,1993,Ireland,In Your Eyes
Sonia,1993,United Kingdom,Better The Devil You Know
Annie Cotton,1993,Switzerland,Moi Tout Simplement
Patrick Fiori,1993,France,Mama Corsica
Silje Vige,1993,Norway,Alle Mine Tankar
Ruth Jacott,1993,Netherlands,Vrede
Arvingarna,1993,Sweden,Eloïse
William Mangion,1993,Malta,This Time
Kaiti Garbi,1993,Greece,Ellada Hora Tou Fotos
Anabela,1993,Portugal,A Cidade Até Ser Dia
Eva Santamaria,1993,Spain,Hombres
Enrico Ruggeri,1993,Italy,Sole D'europa
Inga,1993,Iceland,þá Veistu Svarið
Tony Wegas,1993,Austria,Maria Magdalena
Put,1993,Croatia,Don't Ever Cry
Fazla,1993,Bosnia & Herzegovina,Sva Bol Svijeta
Katri-Helena,1993,Finland,Tule Luo
Münchener Freiheit,1993,Germany,Viel Zu Weit
Kyriakos Zymboulakis & Demos Van Beke,1993,Cyprus,Mi Stamatas
Modern Times,1993,Luxembourg,Donne-moi Une Chance
Burak Aydos Öztürk Baybora & Serter,1993,Turkey,Esmer Yarim
Tommy Seebach Band,1993,Denmark,Under Stjernerne På Himlen
1X Band,1993,Slovenia,Tih Dezeven Dan
Lakahat Shiru,1993,Israel,Shiru
Barbara,1993,Belgium,Iemand Als Jij
Paul Harrington & Charlie McGettigan,1994,Ireland,Rock 'n' Roll Kids
Edyta Górniak,1994,Poland,To Nie Ja!
MeKaDo,1994,Germany,Wir Geben 'ne Party
Friderika Bayer,1994,Hungary,Kinek Mondjam El Vétkeimet
Moira Stafrace and Christopher Scicluna,1994,Malta,More Than Love
Elisabeth Andreasson & Jan Werner Danielsen,1994,Norway,Duett
Nina Morato,1994,France,Je Suis Un Vrai Garçon
Sara Tavares,1994,Portugal,Chamar A Música
Youddiph,1994,Russia,Vechni Stranik
Frances Ruffelle,1994,United Kingdom,We Will Be Free (lonely Symphony)
Evridiki,1994,Cyprus,Ime Anthropos Ke Ego
Sigga,1994,Iceland,Nætur
Marie Bergman and Roger Pontare,1994,Sweden,Stjärnorna
Costas Bigalis and the Sea Lovers,1994,Greece,To Trehantiri
Alma and Dejan,1994,Bosnia & Herzegovina,Ostani Kraj Mene
Tony Cetinski,1994,Croatia,Nek'ti Bude Ljubav Sva
Petra Frey,1994,Austria,Für Den Frieden Der Welt
Alejandro Abad,1994,Spain,Ella No Es Ella
Duilio,1994,Switzerland,Sto Pregando
Martin Durinda and Tublatanka,1994,Slovakia,Nekovecná Piesen
Dan Bittman,1994,Romania,Dincolo De Nori
CatCat,1994,Finland,Bye Bye Baby
Willeke Alberti,1994,Netherlands,Waar Is De Zon
Silvi Vrait,1994,Estonia,Nagu Merelaine
Ovidijus Vyšniauskas,1994,Lithuania,Lopšinė mylimai
Secret Garden,1995,Norway,Nocturne
Anabel Conde,1995,Spain,Vuelve Conmigo
Jan Johansen,1995,Sweden,Se På Mej
Nathalie Santamaria,1995,France,Il Me Donne Rendez-vous
Aud Wilken,1995,Denmark,Fra Mols Til Skagen
Magazin and Lidija,1995,Croatia,Nostalgija
Darja Svajger,1995,Slovenia,Prisluhni Mi
Liora,1995,Israel,Amen
Alexandros Panayi,1995,Cyprus,Sti Fotia
Mike Spiteri,1995,Malta,Keep Me In Mind
Elina Constantopoulou,1995,Greece,Pia Prosefhi
Stella Jones,1995,Austria,Die Welt Dreht Sich Verkehrt
Eddie Friel,1995,Ireland,Dreamin'
Bó Halldórsson,1995,Iceland,Núna
Arzu Ece,1995,Turkey,Sev!
Philipp Kirkorov,1995,Russia,Kolybelnaya Dlya Vulkana
Justyna,1995,Poland,Sama
Davor Popovic,1995,Bosnia & Herzegovina,Dvadeset I Prvi Vijek
Frédéric Etherlinck,1995,Belgium,La Voix Est Libre
Tó Cruz,1995,Portugal,Baunilha E Chocolate
Czaba Szigeti,1995,Hungary,Ùj Nèv Egy Règi Hàz Fàlan
Stone and Stone,1995,Germany,Verliebt In Dich
Eimear Quinn,1996,Ireland,The Voice
Elisabeth Andreasson,1996,Norway,I Evighet
One More Time,1996,Sweden,Den Vilda
Maja Blagdan,1996,Croatia,Sveta Ljubav
Ivo Linna and Maarja-Liis Ilus,1996,Estonia,Kaelakee Hääl
Lúcia Moniz,1996,Portugal,O Meu Coração Não Tem Cor
Maxine & Franklin Brown,1996,Netherlands,De Eerste Keer
Gina G,1996,United Kingdom,Ooh...Aah...Just A Little Bit
Constantinos,1996,Cyprus,Mono Gia Mas
Miriam Christine,1996,Malta,In A Woman's Heart
George Nußbaumer,1996,Austria,Weil's Dr Guat Got
Şebnem Paker,1996,Turkey,Besinçi Mevsim
Anna Mjöll,1996,Iceland,Sjúbídú
Marianna Efstratiou,1996,Greece,Emis Forame To Himona Anixiatika
Kasia Kowalska,1996,Poland,Chce Znac Swój Grzech
Cathy Leander,1996,Switzerland,Mon Coeur L'aime
Lisa del Bo,1996,Belgium,Liefde Is Een Kaartspel
Marcel Palonder,1996,Slovakia,Kým Nás Máš
Dan Ar Braz et l'Héritage des Celtes,1996,France,Diwanit Bugale
Antonio Carbonell,1996,Spain,¡Ay Qué Deseo!
Regina,1996,Slovenia,Dan najlepših sanj
Amila Glamocak,1996,Bosnia & Herzegovina,Za Našu Ljubav
Jasmine,1996,Finland,Niin Kaunis On Taivas
Katrina and The Waves,1997,United Kingdom,Love Shine A Light
Marc Roberts,1997,Ireland,Mysterious Woman
Sebnem Paker and Group Etnic,1997,Turkey,Dinle
Jalisse,1997,Italy,Fiumi Di Parole
Chara and Andreas Konstantinou,1997,Cyprus,Mana Mou
Marcos Llunas,1997,Spain,Sin Rencor
Fanny,1997,France,Sentiments Songes
Maarja-Liis Ilus,1997,Estonia,Keelatud Maa
Debbie Scerri,1997,Malta,Let Me Fly
Tanja Ribič,1997,Slovenia,Zbudi Se
Anna Maria Jopek,1997,Poland,Ale Jestem
Marianna Zorba,1997,Greece,Horepse
VIP,1997,Hungary,Miert Kell Hogy Elmenj?
Blond,1997,Sweden,Bara Hon älskar Mig
Alla Pugachova,1997,Russia,Primadonna
Kølig Kaj,1997,Denmark,Stemmen I Mit Liv
ENI,1997,Croatia,Probudi Me
Bianca Shomburg,1997,Germany,Zeit
Alma Cardzic,1997,Bosnia & Herzegovina,Goodbye
Paul Oscar,1997,Iceland,Minn Hinsti Dans
Bettina Soriat,1997,Austria,One Step
Barbara Berta,1997,Switzerland,Dentro Di Me
Mrs. Einstein,1997,Netherlands,Niemand Heeft Nog Tijd
Tor Endresen,1997,Norway,San Francisco
Célia Lawson,1997,Portugal,Antes Do Adeus
Dana International,1998,Israel,Diva
Imaani,1998,United Kingdom,Where Are You?
Chiara,1998,Malta,The One That I Love
Edsilia Rombley,1998,Netherlands,Hemel En Aarde
Danijela,1998,Croatia,Neka Mi Ne Svane
Mélanie Cohl,1998,Belgium,Dis Oui
Guildo Horn,1998,Germany,Guildo Hat Euch Lieb
Lars A. Fredriksen,1998,Norway,Alltid Sommer
Dawn,1998,Ireland,Is Always Over Now?
Jill Johnson,1998,Sweden,Kärleken är
Michael Hajiyanni,1998,Cyprus,Genesis
Alma Lusa,1998,Portugal,Se Eu Te Pudesse Abraçar
Koit Toome,1998,Estonia,Mere Lapsed
Tüzmen,1998,Turkey,Unutamazsin
Edea,1998,Finland,Aava
Mikel Herzog,1998,Spain,¿Qué Voy A Hacer Sin Ti?
Sixteen,1998,Poland,To Takie Proste
Vili Resnik,1998,Slovenia,Naj Bogovi Sliijo
Vlado Janevski,1998,North Macedonia,Ne Zori Zoro
Dionysia and Thalassa group,1998,Greece,Mia Krifi Evaisthissia
Katarína Hasprová,1998,Slovakia,Modlitba
Malina Olinescu,1998,Romania,Eu Cred
Charlie,1998,Hungary,A Holnap Már Ném Lesz Szomorú
Marie-Line,1998,France,Où Aller
Gunvor,1998,Switzerland,Lass Ihn
Charlotte Nilsson,1999,Sweden,Take Me To Your Heaven
Selma Björnsdóttir,1999,Iceland,All Out Of Luck
Sürpriz,1999,Germany,Reise Nach Jerusalem - Kudüs'e Seyahat
Doris Dragović,1999,Croatia,Marija Magdalena
Eden,1999,Israel,Yom Huledeth
Evelin Samuel and Camille,1999,Estonia,Diamond Of Night
Dino and Beatrice,1999,Bosnia & Herzegovina,Putnici
Trine Jepsen & Michael Teschl,1999,Denmark,This Time (i Mean It)
Marlayne,1999,Netherlands,One Good Reason
Bobbie Singer,1999,Austria,Reflection
Darja Svajger,1999,Slovenia,For A Thousand Years
Venessa Chinitor,1999,Belgium,Like The Wind
Precious,1999,United Kingdom,Say It Again
Stig André Van Eijk,1999,Norway,Living My Life Without You
Times 3,1999,Malta,Believe 'n Peace
Tuba Önal & Grup Mystik,1999,Turkey,Dön Artik
The Mullan's,1999,Ireland,When You Need Me
Mietek Szczesniak,1999,Poland,Przytul Mnie Mocno
Nayah,1999,France,Je Veux Donner Ma Voix
Aiste Smilgeviciute,1999,Lithuania,Strazdas
Rui Bandeira,1999,Portugal,Como Tudo Começou
Marlain Angelidou,1999,Cyprus,Tha'nai Erotas
Lydia,1999,Spain,No Quiero Escuchar
Olsen brothers,2000,Denmark,Fly On The Wings Of Love
Alsou,2000,Russia,Solo
BrainStorm,2000,Latvia,My Star
Ines,2000,Estonia,Once In A Lifetime
Stefan Raab,2000,Germany,Wadde Hadde Dudde Da
Eamonn Toal,2000,Ireland,Millennium Of Love
Roger Pontare,2000,Sweden,When Spirits Are Calling My Name
Claudette Pace,2000,Malta,Desire
Goran Karan,2000,Croatia,Kada Zaspu Andeli
Pinar Ayhan & S.O.S. band,2000,Turkey,Yorgunum Anla
Charmed,2000,Norway,My Heart Goes Boom
August & Telma,2000,Iceland,Tell Me!
Linda Wagenmakers,2000,Netherlands,No Goodbyes
The rounder girls,2000,Austria,All To You
XXL,2000,North Macedonia,100% Te Ljubam
Nicki French,2000,United Kingdom,Don't Play That Song Again
Taxi,2000,Romania,The Moon
Serafín Zubiri,2000,Spain,Colgado De Un Sueño
Nina Åström,2000,Finland,A Little Bit
Jane Bogaert,2000,Switzerland,La Vita Cos'è?
Voice,2000,Cyprus,Nomiza
Ping Pong,2000,Israel,Sa'me'akh
Sofia Mestari,2000,France,On Aura Le Ciel
Nathalie Sorce,2000,Belgium,Envie De Vivre
Tanel Padar Dave Benton & 2XL,2001,Estonia,Everybody
Rollo & King,2001,Denmark,Never Ever Let You Go
Antique,2001,Greece,Die For You
Natasha Saint-Pier,2001,France,Je N'ai Que Mon âme
Friends,2001,Sweden,Listen To Your Heartbeat
David Civera,2001,Spain,Dile Que La Quiero
Nua Derenda,2001,Slovenia,Energy
Michelle,2001,Germany,Wer Liebe Lebt
Fabrizio Faniello,2001,Malta,Another Summer Night
Vanna,2001,Croatia,Strings Of My Heart
Sedat Yüce,2001,Turkey,Sevgiliye Son
Mumiy troll,2001,Russia,Lady Alpine Blue
Skamp,2001,Lithuania,You Got Style
Nino,2001,Bosnia & Herzegovina,Hano
Lindsay D.,2001,United Kingdom,No Dream Impossible
Tal Sondak,2001,Israel,Ein Davar
MTM,2001,Portugal,Só Sei Ser Feliz Assim
Michelle,2001,Netherlands,Out On My Own
Arnis Mednis,2001,Latvia,Too Much
Piasek,2001,Poland,2 Long
Gary O'Shaughnessy,2001,Ireland,Without Your Love
TwoTricky,2001,Iceland,Angel
Haldor Lægreid,2001,Norway,On My Own
Marie N,2002,Latvia,I Wanna
Ira Losco,2002,Malta,7th Wonder
Jessica Garlick,2002,United Kingdom,Come Back
Sahléne,2002,Estonia,Runaway
Sandrine François,2002,France,Il Faut Du Temps
One,2002,Cyprus,Gimme
Rosa,2002,Spain,Europe's Living A Celebration
Afro-dite,2002,Sweden,Never Let It Go
Monica Anghel & Marcel Pavel,2002,Romania,Tell Me Why
Prime minister,2002,Russia,Northern Girl
Vesna Pisarovic,2002,Croatia,Everything I Want
Sarit Hadad,2002,Israel,Light A Candle
Maja,2002,Bosnia & Herzegovina,Na Jastuku Za Dvoje
Sergio & the Ladies,2002,Belgium,Sister
Sestre,2002,Slovenia,Samo Ljubezen
Buket Bengisu & Saphire,2002,Turkey,Leylaklar Soldu Kalbinde
Michalis Rakintzis,2002,Greece,S.A.G.A.P.O.
Manuel Ortega,2002,Austria,Say A Word
Karolina,2002,North Macedonia,Od Nas Zavisi
Laura,2002,Finland,Addicted To You
Corinna May,2002,Germany,I Can't Live Without Music
Francine Jordi,2002,Switzerland,Dans Le Jardin De Mon Âme
Aivaras,2002,Lithuania,Happy You
Malene,2002,Denmark,Tell Me Who You Are
Sertab Erener,2003,Turkey,Everyway That I Can
Urban Trad,2003,Belgium,Sanomi
t.A.T.u.,2003,Russia,Ne Ver Ne Boisia
Jostein Hasselgård,2003,Norway,I'm Not Afraid To Move On
Fame,2003,Sweden,Give Me Your Love
Alf Poier,2003,Austria,Weil Der Mensch Zählt
Ich Troje,2003,Poland,Keine Grenzen - Zadnych Granic
Birgitta,2003,Iceland,Open Your Heart
Beth,2003,Spain,Dime
Nicola,2003,Romania,Dont Break My Heart
Mickey Harte,2003,Ireland,We've Got The World
Lou,2003,Germany,Lets Get Happy
Esther Hart,2003,Netherlands,One More Night
Olexandr,2003,Ukraine,Hasta La Vista
Claudia Beni,2003,Croatia,Vie Nisam Tvoja
Mija Martina,2003,Bosnia & Herzegovina,Ne Brini
Mando,2003,Greece,Never Let You Go
Louisa Baileche,2003,France,Monts Et Merveilles
Lior Narkis,2003,Israel,Words For Love
Stelios Constantas,2003,Cyprus,Feeling Alive
Ruffus,2003,Estonia,Eighties Coming Back
Rita Guerra,2003,Portugal,Deixa-me Sonhar
Karmen,2003,Slovenia,Nanana
F.L.Y.,2003,Latvia,Hello From Mars
Lynn Chirchop,2003,Malta,To Dream Again
Jemini,2003,United Kingdom,Cry Baby
Ruslana,2004,Ukraine,Wild Dances
Željko Joksimović,2004,Serbia & Montenegro,Lane Moje
Sakis Rouvas,2004,Greece,Shake It
Athena,2004,Turkey,For Real
Lisa Andreas,2004,Cyprus,Stronger Every Minute
Lena Philipsson,2004,Sweden,It Hurts
Anjeza Shahini,2004,Albania,The Image Of You
Max,2004,Germany,Can't Wait Until Tonight
Deen,2004,Bosnia & Herzegovina,In The Disco
Ramón,2004,Spain,Para Llenarme De Ti
Julia Savicheva,2004,Russia,Believe Me
Julie & Ludwig,2004,Malta,On Again... Off Again
Ivan Mikulic,2004,Croatia,You Are The Only One
Tose Proeski,2004,North Macedonia,Life
Jonatan Cerrada,2004,France,A Chaque Pas
James Fox,2004,United Kingdom,Hold On To Our Love
Blue Cafe,2004,Poland,Love Song
Sanda Ladosi,2004,Romania,I Admit
Jónsi,2004,Iceland,Heaven
Re-union,2004,Netherlands,Without You
Tie Break,2004,Austria,Du Bist
Xandee,2004,Belgium,1 Life
Chris Doran,2004,Ireland,If My World Stopped Turning
Knut Anders Sørum,2004,Norway,High
Helena Paparizou,2005,Greece,My Number One
Chiara,2005,Malta,Angel
Luminita Anghel & Sistem,2005,Romania,Let Me Try
Shiri Maymon,2005,Israel,Hasheket Shenish'ar
Walter & Kazha,2005,Latvia,The War Is Not Over
Zdob şi Zdub,2005,Moldova,Boonika Bate Doba
No Name,2005,Serbia & Montenegro,Zauvijek Moja
Vanilla Ninja,2005,Switzerland,Cool Vibes
Wig Wam,2005,Norway,In My Dreams
Jakob Sveistrup,2005,Denmark,Talking To You
Boris Novkovic feat. Lado members,2005,Croatia,Vukovi Umiru Sami
NOX,2005,Hungary,Forogj Világ
Gülseren,2005,Turkey,Rimi Rimi Ley
Feminnem,2005,Bosnia & Herzegovina,Call Me
Natalia Podolskaya,2005,Russia,Nobody Hurt No One
Ledina Celo,2005,Albania,Tomorrow I Go
Martin Vucic,2005,North Macedonia,Make My Day
Constantinos Christoforou,2005,Cyprus,Ela Ela
Martin Stenmarck,2005,Sweden,Las Vegas
Greenjolly,2005,Ukraine,Razom Nas Bahato
Son de sol,2005,Spain,Brujería
Javine,2005,United Kingdom,Touch My Fire
Ortal,2005,France,Chacun Pense à Soi
Gracia,2005,Germany,Run & Hide
Lordi,2006,Finland,Hard Rock Hallelujah
Dima Bilan,2006,Russia,Never Let You Go
Hari Mata Hari,2006,Bosnia & Herzegovina,Lejla
Mihai Traistariu,2006,Romania,Tornero
Carola,2006,Sweden,Invincible
LT United,2006,Lithuania,We Are The Winners
Tina Karol,2006,Ukraine,Show Me Your Love
André,2006,Armenia,Without Your Love
Anna Vissi,2006,Greece,Everything
Brian Kennedy,2006,Ireland,Every Song Is A Cry For Love
Sibel Tüzün,2006,Turkey,Superstar
Elena Risteska,2006,North Macedonia,Ninanajna
Severina,2006,Croatia,Moja tikla
Christine Guldbrandsen,2006,Norway,Alvedansen
Texas Lightning,2006,Germany,No No Never
Six4One,2006,Switzerland,If We All Give A Little
Cosmos,2006,Latvia,I Hear Your Heart
Sidsel Ben Semmane,2006,Denmark,Twist Of Love
Daz Sampson,2006,United Kingdom,Teenage Life
Arsenium & Natalia Gordienko,2006,Moldova,Loca
Las Ketchup,2006,Spain,Bloody Mary
Virginie Pouchin,2006,France,Il était Temps
Eddie Butler,2006,Israel,Ze Hazman
Fabrizio Faniello,2006,Malta,I Do
Marija Šerifović,2007,Serbia,Molitva
Verka Serduchka,2007,Ukraine,Dancing Lasha Tumbai
Serebro,2007,Russia,Song # 1
Kenan Dogulu,2007,Turkey,Shake It Up Shekerim
Elitsa Todorova & Stoyan Yankulov,2007,Bulgaria,Water
Dmitry Koldun,2007,Belarus,Work Your Magic
Sarbel,2007,Greece,Yassou Maria
Hayko,2007,Armenia,Anytime You Need
Magdi Rúzsa,2007,Hungary,Unsubstantial Blues
Natalia Barbu,2007,Moldova,Fight
Marija Sestic,2007,Bosnia & Herzegovina,Rijeka Bez Imena
Sopho,2007,Georgia,Visionary Dream
Todomondo,2007,Romania,Liubi Liubi I Love You
Karolina,2007,North Macedonia,Mojot Svet
Alenka Gotar,2007,Slovenia,Cvet Z Juga
Bonaparti.lv,2007,Latvia,Questa Notte
Hanna Pakarinen,2007,Finland,Leave Me Alone
The Ark,2007,Sweden,The Worrying Kind
Roger Cicero,2007,Germany,Frauen Regieren Die Welt
NASH,2007,Spain,I Love You Mi Vida
4Fun,2007,Lithuania,Love Or Leave
Les Fatals Picards,2007,France,L'amour à La Française
Scooch,2007,United Kingdom,Flying The Flag (for You)
Dervish,2007,Ireland,They Can't Stop The Spring
Dima Bilan,2008,Russia,Believe
Ani Lorak,2008,Ukraine,Shady Lady
Kalomira,2008,Greece,Secret Combination
Sirusho,2008,Armenia,Qele Qele
Maria,2008,Norway,Hold On Be Strong
Jelena Tomašević feat. Bora Dugic,2008,Serbia,Oro
Mor ve Ötesi,2008,Turkey,Deli
Elnur & Samir,2008,Azerbaijan,Day After Day
Boaz,2008,Israel,The Fire In Your Eyes
Laka,2008,Bosnia & Herzegovina,Pokušaj
Diana Gurtskaya,2008,Georgia,Peace Will Come
Pirates Of The Sea,2008,Latvia,Wolves Of The Sea
Vânia Fernandes,2008,Portugal,Senhora Do Mar (Negras Águas)
Euroband,2008,Iceland,This Is My Life
Simon Mathew,2008,Denmark,All Night Long
Rodolfo Chikilicuatre,2008,Spain,Baila El Chiki Chiki
Olta Boka,2008,Albania,Zemrën E Lamë Peng
Charlotte Perrelli,2008,Sweden,Hero
Sébastien Tellier,2008,France,Divine
Nico & Vlad,2008,Romania,Pe-o Margine De Lume
Kraljevi Ulice & 75 Cents,2008,Croatia,Romanca
Teräsbetoni,2008,Finland,Missä Miehet Ratsastaa
No Angels,2008,Germany,Disappear
Isis Gee,2008,Poland,For Life
Andy Abraham,2008,United Kingdom,Even If
Alexander Rybak,2009,Norway,Fairytale
Yohanna,2009,Iceland,Is It True?
AySel & Arash,2009,Azerbaijan,Always
Hadise,2009,Turkey,Düm Tek Tek
Jade Ewen,2009,United Kingdom,It's My Time
Urban Symphony,2009,Estonia,Rändajad
Sakis Rouvas,2009,Greece,This Is Our Night
Patricia Kaas,2009,France,Et S'il Fallait Le Faire
Regina,2009,Bosnia & Herzegovina,Bistra Voda
Inga & Anush,2009,Armenia,Jan Jan
Anastasia Prikhodko,2009,Russia,Mamo
Svetlana Loboda,2009,Ukraine,Be my Valentine! (Anti-crisis Girl)
Brinck,2009,Denmark,Believe Again
Nelly Ciobanu,2009,Moldova,Hora Din Moldova
Flor-de-lis,2009,Portugal,Todas As Ruas Do Amor
Noa & Mira Awad,2009,Israel,There Must Be Another Way
Kejsi Tola,2009,Albania,Carry Me In Your Dreams
Igor Cukrov feat. Andrea,2009,Croatia,Lijepa Tena
Elena,2009,Romania,The Balkan Girls
Alex Swings Oscar Sings!,2009,Germany,Miss Kiss Kiss Bang
Malena Ernman,2009,Sweden,La Voix
Chiara,2009,Malta,What If We
Sasha Son,2009,Lithuania,Love
Soraya,2009,Spain,La Noche Es Para Mí (The Night Is For Me)
Waldo's People,2009,Finland,Lose Control
Lena,2010,Germany,Satellite
maNga,2010,Turkey,We Could Be The Same
Paula Seling & Ovi,2010,Romania,Playing With Fire
Chanée & N'evergreen,2010,Denmark,In A Moment Like This
Safura,2010,Azerbaijan,Drip Drop
Tom Dice,2010,Belgium,Me And My Guitar
Eva Rivas,2010,Armenia,Apricot Stone
Giorgos Alkaios & Friends,2010,Greece,OPA
Sofia Nizharadze,2010,Georgia,Shine
Alyosha,2010,Ukraine,Sweet People
Peter Nalitch & Friends,2010,Russia,Lost And Forgotten
Jessy Matador,2010,France,Allez Olla Olé
Milan Stanković,2010,Serbia,Ovo Je Balkan
Harel Skaat,2010,Israel,Milim
Daniel Diges,2010,Spain,Algo Pequeñito
Juliana Pasha,2010,Albania,It's All About You
Vukašin Brajić,2010,Bosnia & Herzegovina,Thunder and Lightning
Filipa Azevedo,2010,Portugal,Há Dias Assim
Hera Björk,2010,Iceland,Je Ne Sais Quoi
Didrik Solli-Tangen,2010,Norway,My Heart Is Yours
Jon Lilygreen & The Islanders,2010,Cyprus,Life Looks Better In Spring
Sunstroke Project & Olia Tira,2010,Moldova,Run Away
Niamh Kavanagh,2010,Ireland,It's For You
3+2,2010,Belarus,Butterflies
Josh,2010,United Kingdom,That Sounds Good To Me
Ell/Nikki,2011,Azerbaijan,Running Scared
Raphael Gualazzi,2011,Italy,Madness Of Love
Eric Saade,2011,Sweden,Popular
Mika Newton,2011,Ukraine,Angel
A Friend In London,2011,Denmark,New Tomorrow
Dino Merlin,2011,Bosnia & Herzegovina,Love In Rewind
Loucas Yiorkas feat. Stereo Mike,2011,Greece,Watch My Dance
Jedward,2011,Ireland,Lipstick
Eldrine,2011,Georgia,One More Day
Lena,2011,Germany,Taken By A Stranger
Blue,2011,United Kingdom,I Can
Zdob și Zdub,2011,Moldova,So Lucky
Maja Keuc,2011,Slovenia,No One
Nina,2011,Serbia,Čaroban
Amaury Vassili,2011,France,Sognu
Alexej Vorobjov,2011,Russia,Get You
Hotel FM,2011,Romania,Change
Nadine Beiler,2011,Austria,The Secret Is Love
Evelina Sašenko,2011,Lithuania,C'est Ma Vie
Sjonni's Friends,2011,Iceland,Coming Home
Paradise Oskar,2011,Finland,Da Da Dam
Kati Wolf,2011,Hungary,What About My Dreams?
Lucía Pérez,2011,Spain,Que Me Quiten Lo Bailao
Getter Jaani,2011,Estonia,Rockefeller Street
Anna Rossinelli,2011,Switzerland,In Love For A While
Loreen,2012,Sweden,Euphoria
Buranovskiye Babushki,2012,Russia,Party For Everybody
Željko Joksimović,2012,Serbia,Nije Ljubav Stvar
Sabina Babayeva,2012,Azerbaijan,When The Music Dies
Rona Nishliu,2012,Albania,Suus
Ott Lepland,2012,Estonia,Kuula
Can Bonomo,2012,Turkey,Love Me Back
Roman Lob,2012,Germany,Standing Still
Nina Zilli,2012,Italy,L'Amore È Femmina (Out Of Love)
Pastora Soler,2012,Spain,Quédate Conmigo
Pasha Parfeny,2012,Moldova,Lăutar
Mandinga,2012,Romania,Zaleilah
Kaliopi,2012,North Macedonia,Crno I Belo
Donny Montell,2012,Lithuania,Love Is Blind
Gaitana,2012,Ukraine,Be My Guest
Ivi Adamou,2012,Cyprus,La La Love
Eleftheria Eleftheriou,2012,Greece,Aphrodisiac
Maya Sar,2012,Bosnia & Herzegovina,Korake Ti Znam
Jedward,2012,Ireland,Waterline
Greta Salóme & Jónsi,2012,Iceland,Never Forget
Kurt Calleja,2012,Malta,This Is The Night
Anggun,2012,France,Echo (You And I)
Soluna Samay,2012,Denmark,Should've Known Better
Compact Disco,2012,Hungary,Sound Of Our Hearts
Engelbert Humperdinck,2012,United Kingdom,Love Will Set You Free
Tooji,2012,Norway,Stay
Emmelie de Forest,2013,Denmark,Only Teardrops
Farid Mammadov,2013,Azerbaijan,Hold Me
Zlata Ognevich,2013,Ukraine,Gravity
Margaret Berger,2013,Norway,I Feed You My Love
Dina Garipova,2013,Russia,What If
Koza Mostra feat. Agathon Iakovidis,2013,Greece,Alcohol Is Free
Marco Mengoni,2013,Italy,L'Essenziale
Gianluca,2013,Malta,Tomorrow
Anouk,2013,Netherlands,Birds
ByeAlex,2013,Hungary,Kedvesem
Aliona Moon,2013,Moldova,O Mie
Roberto Bellarosa,2013,Belgium,Love Kills
Cezar,2013,Romania,It's My Life
Robin Stjernberg,2013,Sweden,You
Nodi Tatishvili & Sophie Gelovani,2013,Georgia,Waterfall
Alyona Lanskaya,2013,Belarus,Solayoh
Eythor Ingi,2013,Iceland,Ég Á Líf
Dorians,2013,Armenia,Lonely Planet
Bonnie Tyler,2013,United Kingdom,Believe In Me
Birgit,2013,Estonia,Et Uus Saaks Alguse
Cascada,2013,Germany,Glorious
Andrius Pojavis,2013,Lithuania,Something
Amandine Bourgeois,2013,France,L'enfer Et Moi
Krista Siegfrids,2013,Finland,Marry Me
ESDM,2013,Spain,Contigo Hasta El Final (With You Until The End)
Ryan Dolan,2013,Ireland,Only Love Survives
Conchita Wurst,2014,Austria,Rise Like a Phoenix
The Common Linnets,2014,Netherlands,Calm After The Storm
Sanna Nielsen,2014,Sweden,Undo
Aram MP3,2014,Armenia,Not Alone
András Kállay-Saunders,2014,Hungary,Running
Mariya Yaremchuk,2014,Ukraine,Tick - Tock
Tolmachevy Sisters,2014,Russia,Shine
Carl Espen,2014,Norway,Silent Storm
Basim,2014,Denmark,Cliche Love Song
Ruth Lorenzo,2014,Spain,Dancing in the rain
Softengine,2014,Finland,Something Better
Paula Seling & OVI,2014,Romania,Miracle
Sebalter,2014,Switzerland,Hunter Of Stars
Donatan & Cleo,2014,Poland,My Słowianie - We Are Slavic
Pollapönk,2014,Iceland,No Prejudice
Teo,2014,Belarus,Cheesecake
Molly,2014,United Kingdom,Children of the Universe
Elaiza,2014,Germany,Is It Right
Sergej Ćetković,2014,Montenegro,Moj Svijet
Freaky Fortune feat. RiskyKidd,2014,Greece,Rise Up
Emma,2014,Italy,La Mia Città
Dilara Kazimova,2014,Azerbaijan,Start A Fire
Firelight,2014,Malta,Coming Home
Valentina Monetta,2014,San Marino,Maybe (Forse)
Tinkara Kovač,2014,Slovenia,Round and Round
TWIN TWIN,2014,France,Moustache
Måns Zelmerlöw,2015,Sweden,Heroes
Polina Gagarina,2015,Russia,A Million Voices
Il Volo,2015,Italy,Grande Amore
Loïc Nottet,2015,Belgium,Rhythm Inside
Guy Sebastian,2015,Australia,Tonight Again
Aminata Savadogo,2015,Latvia,Love Injected
Elina Born & Stig Rästa,2015,Estonia,Goodbye to Yesterday
Mørland & Debrah Scarlett,2015,Norway,A Monster Like Me
Nadav Guedj,2015,Israel,Golden Boy
Bojana Stamenov,2015,Serbia,Beauty Never Lies
Nina Sublatti,2015,Georgia,Warrior
Elnur Hüseynov,2015,Azerbaijan,Hour Of The Wolf
Knez,2015,Montenegro,Adio
Maraaya,2015,Slovenia,Here for You
Voltaj,2015,Romania,De La Capăt / All Over Again
Genealogy,2015,Armenia,Face The Shadow
Elhaida Dani,2015,Albania,I'm Alive
Monika & Vaidas,2015,Lithuania,This Time
Maria Elena Kyriakou,2015,Greece,One Last Breath
Boggie,2015,Hungary,Wars For Nothing
Edurne,2015,Spain,Amanecer
John Karayiannis,2015,Cyprus,One Thing I Should Have Done
Monika Kuszyńska,2015,Poland,In The Name Of Love
Electro Velvet,2015,United Kingdom,Still in Love with You
Lisa Angell,2015,France,N’oubliez pas
The Makemakes,2015,Austria,I Am Yours
Ann Sophie,2015,Germany,Black Smoke
Jamala,2016,Ukraine,1944
Dami Im,2016,Australia,Sound of Silence
Sergey Lazarev,2016,Russia,You Are the Only One
Poli Genova,2016,Bulgaria,If Love Was a Crime
Frans,2016,Sweden,If I Were Sorry
Amir,2016,France,J'ai Cherché
Iveta Mukuchyan,2016,Armenia,LoveWave
Michał Szpak,2016,Poland,Color of Your Life
Donny Montell,2016,Lithuania,I've Been Waiting for This Night
Laura Tesoro,2016,Belgium,What's the Pressure
Douwe Bob,2016,Netherlands,Slow Down
Ira Losco,2016,Malta,Walk on Water
Zoë,2016,Austria,Loin d'ici
Hovi Star,2016,Israel,Made of Stars
Justs,2016,Latvia,Heartbeat
Francesca Michielin,2016,Italy,No Degree of Separation
Samra,2016,Azerbaijan,Miracle
Sanja Vučić ZAA,2016,Serbia,Goodbye (Shelter)
Freddie,2016,Hungary,Pioneer
Nika Kocharov & Young Georgian Lolitaz,2016,Georgia,Midnight Gold
Minus One,2016,Cyprus,Alter Ego
Barei,2016,Spain,Say Yay!
Nina Kraljić,2016,Croatia,Lighthouse
Joe & Jake,2016,United Kingdom,You're Not Alone
Gabriela Gunčíková,2016,Czech Republic,I Stand
Jamie-Lee Kriewitz,2016,Germany,Ghost
Salvador Sobral,2017,Portugal,Amar Pelos Dois
Kristian Kostov,2017,Bulgaria,Beautiful Mess
Sunstroke Project,2017,Moldova,Hey Mamma
Blanche,2017,Belgium,City Lights
Robin Bengtsson,2017,Sweden,I Can't Go On
Francesco Gabbani,2017,Italy,Occidentali's Karma
Ilinca feat. Alex Florea,2017,Romania,Yodel It!
Joci Pápai,2017,Hungary,Origo
Isaiah Firebrace,2017,Australia,Don't Come Easy
Jowst,2017,Norway,Grab the Moment
OG3NE,2017,Netherlands,Lights And Shadows
Alma,2017,France,Requiem
Jacques Houdek,2017,Croatia,My Friend
Dihaj,2017,Azerbaijan,Skeletons
Lucie Jones,2017,United Kingdom,Never Give Up on You
Nathan Trent,2017,Austria,Running On Air
Naviband,2017,Belarus,Historyja Majho Zyccia
Artsvik,2017,Armenia,Fly With Me
Demy,2017,Greece,This is Love
Anja,2017,Denmark,Where I Am
Hovig,2017,Cyprus,Gravity
Kasia Moś,2017,Poland,Flashlight
Imri Ziv,2017,Israel,I Feel Alive
O.Torvald,2017,Ukraine,Time
Levina,2017,Germany,Perfect Life
Manel Navarro,2017,Spain,Do It for Your Lover
Netta Barzilai,2018,Israel,Toy
Eleni Foureira,2018,Cyprus,Fuego
Cesár Sampson,2018,Austria,Nobody But You
Michael Schulte,2018,Germany,You Let Me Walk Alone
Ermal Meta & Fabrizio Moro,2018,Italy,Non Mi Avete Fatto Niente
Mikolas Josef,2018,Czech Republic,Lie To Me
Benjamin Ingrosso,2018,Sweden,Dance You Off
Elina Nechayeva,2018,Estonia,La Forza
Rasmussen,2018,Denmark,Higher Ground
DoReDos,2018,Moldova,My Lucky Day
Eugent Bushpepa,2018,Albania,Mall
Ieva Zasimauskaitė,2018,Lithuania,When We're Old
Madame Monsieur,2018,France,Mercy
Equinox,2018,Bulgaria,Bones
Alexander Rybak,2018,Norway,That's How You Write a Song
Ryan O'Shaughnessy,2018,Ireland,Together
Mélovin,2018,Ukraine,Under the Ladder
Waylon,2018,Netherlands,Outlaw In 'Em
Sanja Ilić & Balkanika,2018,Serbia,Nova Deca
Jessica Mauboy,2018,Australia,We Got Love
AWS,2018,Hungary,Viszlát Nyár
Lea Sirk,2018,Slovenia,Hvala ne!
Amaia & Alfred,2018,Spain,Tu Canción
SuRie,2018,United Kingdom,Storm
Saara Aalto,2018,Finland,Monsters
Cláudia Pascoal,2018,Portugal,O Jardim
Duncan Laurence,2019,Netherlands,Arcade
Mahmood,2019,Italy,Soldi
Sergey Lazarev,2019,Russia,Scream
Luca Hänni,2019,Switzerland,She Got Me
John Lundvik,2019,Sweden,Too Late for Love
KEiiNO,2019,Norway,Spirit in the Sky
Tamara Todevska,2019,North Macedonia,Proud
Chingiz,2019,Azerbaijan,Truth
Kate Miller-Heidke,2019,Australia,Zero Gravity
Hatari,2019,Iceland,Hatrið mun sigra
Lake Malawi,2019,Czech Republic,Friend of a Friend
Leonora,2019,Denmark,Love Is Forever
Tamta,2019,Cyprus,Replay
Michela Pace,2019,Malta,Chameleon
Zala Kralj & Gašper Šantl,2019,Slovenia,Sebi
Bilal Hassani,2019,France,Roi
Jonida Maliqi,2019,Albania,Ktheju Tokës
Nevena Božović,2019,Serbia,Kruna
Serhat,2019,San Marino,Say Na Na Na
Victor Crone,2019,Estonia,Storm
Katerine Duska,2019,Greece,Better Love
Miki,2019,Spain,La Venda
Kobi Marimi,2019,Israel,Home
Zena,2019,Belarus,Like It
S!sters,2019,Germany,Sister
Michael Rice,2019,United Kingdom,Bigger Than Us
