song,year,place_final,points_final,to_country
Net Als Toen,1957,1,31,Netherlands
La Belle Amour,1957,2,17,France
Skibet Skal Sejle I Nat,1957,3,10,Denmark
Amours Mortes (Tant De Peine),1957,4,8,Luxembourg
Telefon Telefon,1957,4,8,Germany
Corde Della Mia Chitarra,1957,6,7,Italy
All,1957,7,6,United Kingdom
Straatdeuntje,1957,8,5,Belgium
L'enfant Que J'étais,1957,8,5,Switzerland
Wohin Kleines Pony,1957,10,3,Austria
Dors Mon Amour,1958,1,27,France
Giorgio,1958,2,24,Switzerland
Nel Blu Dipinto Di Blu,1958,3,13,Italy
Lilla Stjärna,1958,4,10,Sweden
Ma Petite Chatte,1958,5,8,Belgium
Die Ganze Welt Braucht Liebe,1958,5,8,Austria
Für Zwei Groschen Musik,1958,7,5,Germany
Jeg Rev Et Blad Ud Af Min Dagbog,1958,8,3,Denmark
Heel De Wereld,1958,9,1,Netherlands
Un Grand Amour,1958,9,1,Luxembourg
Een Beetje,1959,1,21,Netherlands
Sing Little Birdie,1959,2,16,United Kingdom
Oui Oui Oui Oui,1959,3,15,France
Irgendwoher,1959,4,14,Switzerland
Uh Jeg Ville Ønske Jeg Var Dig,1959,5,12,Denmark
Piove,1959,6,9,Italy
Hou Toch Van Mij,1959,6,9,Belgium
Heut' Woll'n Wir Tanzen Geh'n,1959,8,5,Germany
Augustin,1959,9,4,Sweden
Der K. Und K. Kalypso Aus Wien,1959,9,4,Austria
Mon Ami Pierrot,1959,11,1,Monaco
Tom Pillibi,1960,1,32,France
Looking High High High,1960,2,25,United Kingdom
Ce Soir-là,1960,3,15,Monaco
Voi-voi,1960,4,11,Norway
Bonne Nuit Ma Chérie!,1960,4,11,Germany
Mon Amour Pour Toi,1960,6,9,Belgium
Du Hast Mich So Fasziniert,1960,7,6,Austria
Cielo E Terra,1960,8,5,Switzerland
Romantica,1960,8,5,Italy
Alla Andra Får Varann,1960,10,4,Sweden
Det Var En Yndig Tid,1960,10,4,Denmark
Wat Een Geluk,1960,12,2,Netherlands
So Laang We's Du Do Bast,1960,13,1,Luxembourg
Nous Les Amoureux,1961,1,31,Luxembourg
Are You Sure?,1961,2,24,United Kingdom
Nous Aurons Demain,1961,3,16,Switzerland
Printemps (avril Carillonne),1961,4,13,France
Angelique,1961,5,12,Denmark
Al Di Là,1961,5,12,Italy
Sommer i Palma,1961,7,10,Norway
Neke Davne Zvezde,1961,8,9,Yugoslavia
Estando Contigo,1961,9,8,Spain
Allons Allons Les Enfants,1961,10,6,Monaco
Valoa Ikkunassa,1961,10,6,Finland
Wat Een Dag,1961,10,6,Netherlands
Einmal Sehen Wir Uns Wieder,1961,13,3,Germany
April April,1961,14,2,Sweden
Sehnsucht,1961,15,1,Austria
September Gouden Roos,1961,15,1,Belgium
Un Premier Amour,1962,1,26,France
Dis Rien,1962,2,13,Monaco
Petit Bonhomme,1962,3,11,Luxembourg
Ne Pali Svetlo U Sumrak,1962,4,10,Yugoslavia
Ring-a-ding Girl,1962,4,10,United Kingdom
Zwei Kleine Italiener,1962,6,9,Germany
Tipi-tii,1962,7,4,Finland
Sol Och Vår,1962,7,4,Sweden
Addio Addio,1962,9,3,Italy
Vuggevise,1962,10,2,Denmark
Kom Sol Kom Regn,1962,10,2,Norway
Le Retour,1962,10,2,Switzerland
Ton Nom,1962,13,0,Belgium
Llámame,1962,13,0,Spain
Nur In Der Wiener Luft,1962,13,0,Austria
Katinka,1962,13,0,Netherlands
Dansevise,1963,1,42,Denmark
T'en Va Pas,1963,2,40,Switzerland
Uno Per Tutte,1963,3,37,Italy
Say Wonderful Things,1963,4,28,United Kingdom
Elle était Si Jolie,1963,5,25,France
L'amour S'en Va,1963,5,25,Monaco
Vielleicht Geschieht Ein Wunder,1963,7,16,Austria
A Force De Prier,1963,8,13,Luxembourg
Marcel,1963,9,5,Germany
Waarom,1963,10,4,Belgium
Brodovi,1963,11,3,Yugoslavia
Algo Prodigioso,1963,12,2,Spain
Een Speeldoos,1963,13,0,Netherlands
Solhverv,1963,13,0,Norway
Muistojeni Laulu,1963,13,0,Finland
En Gång I Stockholm,1963,13,0,Sweden
Non Ho L'étà,1964,1,49,Italy
I Love The Little Things,1964,2,17,United Kingdom
Où Sont-elles Passées?,1964,3,15,Monaco
Dès Que Le Printemps Revient,1964,4,14,Luxembourg
Le Chant De Mallory,1964,4,14,France
Warum Nur Warum?,1964,6,11,Austria
Laiskotellen,1964,7,9,Finland
Spiral,1964,8,6,Norway
Sangen Om Dig,1964,9,4,Denmark
Jij Bent Mijn Leven,1964,10,2,Netherlands
Près De Ma Rivière,1964,10,2,Belgium
Caracola,1964,12,1,Spain
Man Gewöhnt Sich So Schnell An Das Schöne,1964,13,0,Germany
Oração,1964,13,0,Portugal
Život je sklopio krug,1964,13,0,Yugoslavia
I Miei Pensieri,1964,13,0,Switzerland
Poupée De Cire Poupée De Son,1965,1,32,Luxembourg
I Belong,1965,2,26,United Kingdom
N'avoue Jamais,1965,3,22,France
Sag Ihr Ich Lass' Sie Grüßen,1965,4,16,Austria
Se Piangi Se Ridi,1965,5,15,Italy
I'm Walking The Streets In The Rain,1965,6,11,Ireland
For Din Skyld,1965,7,10,Denmark
Non à Jamais Sans Toi,1965,8,8,Switzerland
Va Dire à L'amour,1965,9,7,Monaco
Absent Friend,1965,10,6,Sweden
Het Is Genoeg,1965,11,5,Netherlands
Ceznja,1965,12,2,Yugoslavia
Karusell,1965,13,1,Norway
Sol De Inverno,1965,13,1,Portugal
Qué Bueno Qué Bueno,1965,15,0,Spain
Paradies Wo Bist Du?,1965,15,0,Germany
Als Het Weer Lente Is,1965,15,0,Belgium
Aurinko Laskee Länteen,1965,15,0,Finland
Merci Chérie,1966,1,31,Austria
Nygammal Vals,1966,2,16,Sweden
Intet Er Nytt Under Solen,1966,3,15,Norway
Un Peu De Poivre Un Peu De Sel,1966,4,14,Belgium
Come Back To Stay,1966,4,14,Ireland
Ne Vois-tu Pas?,1966,6,12,Switzerland
Brez Besed,1966,7,9,Yugoslavia
Yo Soy Aquél,1966,7,9,Spain
A Man Without Love,1966,9,8,United Kingdom
Die Zeiger Der Uhr,1966,10,7,Germany
Ce Soir Je T'attendais,1966,10,7,Luxembourg
Play-boy,1966,10,7,Finland
Ele E Ela,1966,13,6,Portugal
Stop Ja Stop - Ja Stop Mens Legen Er Go,1966,14,4,Denmark
Fernando En Philippo,1966,15,2,Netherlands
Chez Nous,1966,16,1,France
Bien Plus Fort,1966,17,0,Monaco
Dio Come Ti Amo,1966,17,0,Italy
Puppet On A String,1967,1,47,United Kingdom
If I Could Choose,1967,2,22,Ireland
Il Doit Faire Beau Là-bas,1967,3,20,France
L'amour Est Bleu,1967,4,17,Luxembourg
Boum-badaboum,1967,5,10,Monaco
Hablemos Del Amor,1967,6,9,Spain
Ik Heb Zorgen,1967,7,8,Belgium
Som En Dröm,1967,8,7,Sweden
Anouschka,1967,8,7,Germany
Vse Rože Sveta,1967,8,7,Yugoslavia
Non Andare Più Lontano,1967,11,4,Italy
O Vento Mudou,1967,12,3,Portugal
Varjoon-suojaan,1967,12,3,Finland
Ring-dinge,1967,14,2,Netherlands
Warum Es Hunderttausend Sterne Gibt,1967,14,2,Austria
Dukkemann,1967,14,2,Norway
Quel Cœur Vas-tu Briser?,1967,17,0,Switzerland
La La La...,1968,1,29,Spain
Congratulations,1968,2,28,United Kingdom
La Source,1968,3,20,France
Chance Of A Lifetime,1968,4,18,Ireland
Det Börjar Verka Kärlek Banne Mej,1968,5,15,Sweden
Ein Hoch Der Liebe,1968,6,11,Germany
Quand Tu Reviendras,1968,7,8,Belgium
A Chacun Sa Chanson,1968,7,8,Monaco
Jedan Dan,1968,7,8,Yugoslavia
Marianne,1968,10,7,Italy
Verão,1968,11,5,Portugal
Nous Vivrons D'amour,1968,11,5,Luxembourg
Tausend Fenster,1968,13,2,Austria
Guardando Il Sole,1968,13,2,Switzerland
Stress,1968,13,2,Norway
Morgen,1968,16,1,Netherlands
Kun Kello Käy,1968,16,1,Finland
Vivo Cantando,1969,1,18,Spain
Boom Bang-a-bang,1969,1,18,United Kingdom
De Troubadour,1969,1,18,Netherlands
Un Jour Un Enfant,1969,1,18,France
Bonjour Bonjour,1969,5,13,Switzerland
Maman Maman,1969,6,11,Monaco
The Wages Of Love,1969,7,10,Ireland
Jennifer Jennings,1969,7,10,Belgium
Judy Min Vän,1969,9,8,Sweden
Primaballerina,1969,9,8,Germany
Cathérine,1969,11,7,Luxembourg
Kuin Silloin Ennen,1969,12,6,Finland
Pozdrav Svijetu,1969,13,5,Yugoslavia
Due Grosse Lacrime Bianche,1969,13,5,Italy
Desfolhada Portuguesa,1969,15,4,Portugal
Oj Oj Oj Så Glad Jeg Skal Bli,1969,16,1,Norway
All Kinds Of Everything,1970,1,32,Ireland
Knock Knock (who's there?),1970,2,26,United Kingdom
Wunder Gibt Es Immer Wieder,1970,3,12,Germany
Retour,1970,4,8,Switzerland
Marie Blanche,1970,4,8,France
Gwendolyne,1970,4,8,Spain
Waterman,1970,7,7,Netherlands
Occhi Di Ragazza,1970,8,5,Italy
Viens L'oublier,1970,8,5,Belgium
Marlène,1970,8,5,Monaco
Pridi Dala Ti Bom Cvet,1970,11,4,Yugoslavia
Je Suis Tombé Du Ciel,1970,12,0,Luxembourg
Un Banc Un Arbre Une Rue,1971,1,128,Monaco
En Un Mundo Nuevo,1971,2,116,Spain
Diese Welt,1971,3,100,Germany
Jack In The Box,1971,4,98,United Kingdom
L'amore è Un Attimo,1971,5,91,Italy
Vita Vidder,1971,6,85,Sweden
De Tijd,1971,6,85,Netherlands
Tie Uuteen Päivään,1971,8,84,Finland
Menina Do Alto Da Serra,1971,9,83,Portugal
Un Jardin Sur La Terre,1971,10,82,France
One Day Love,1971,11,79,Ireland
Les Illusions De Nos Vingt Ans,1971,12,78,Switzerland
Pomme Pomme Pomme,1971,13,70,Luxembourg
Goeie Morgen Morgen,1971,14,68,Belgium
Tvoj Djecak Je Tuzan,1971,14,68,Yugoslavia
Musik,1971,16,66,Austria
Lykken Er...,1971,17,65,Norway
Marija L-Maltija,1971,18,52,Malta
Après Toi,1972,1,128,Luxembourg
Beg Steal Or Borrow,1972,2,114,United Kingdom
Nur Die Liebe Läßt Uns Leben,1972,3,107,Germany
Als Het Om De Liefde Gaat,1972,4,106,Netherlands
Falter Im Wind,1972,5,100,Austria
I Giorni Dell' Arcobaleno,1972,6,92,Italy
A Festa Da Vida,1972,7,90,Portugal
C'est La Chanson De Mon Amour,1972,8,88,Switzerland
Muzika I Ti,1972,9,87,Yugoslavia
Amanece,1972,10,83,Spain
Comé-comédie,1972,11,81,France
Muistathan,1972,12,78,Finland
Härliga Sommardag,1972,13,75,Sweden
Småting,1972,14,73,Norway
Ceol On Ghrá,1972,15,72,Ireland
Comme On S'aime,1972,16,65,Monaco
À La Folie Ou Pas Du Tout,1972,17,55,Belgium
L-imħabba,1972,18,48,Malta
Tu Te Reconnaîtras,1973,1,129,Luxembourg
Eres Tú,1973,2,125,Spain
Power To All Our Friends,1973,3,123,United Kingdom
Ey-sham,1973,4,97,Israel
You're Summer,1973,5,94,Sweden
Tom Tom Tom,1973,6,93,Finland
It's Just A Game,1973,7,89,Norway
Junger Tag,1973,8,85,Germany
Un Train Qui Part,1973,8,85,Monaco
Tourada,1973,10,80,Portugal
Do I Dream?,1973,10,80,Ireland
Je Me Vais Marier Marie,1973,12,79,Switzerland
Chi Sarà Con Te,1973,13,74,Italy
De Oude Muzikant,1973,14,69,Netherlands
Gori Vatra,1973,15,65,Yugoslavia
Sans Toi,1973,15,65,France
Baby Baby,1973,17,58,Belgium
Waterloo,1974,1,24,Sweden
Si,1974,2,18,Italy
I See A Star,1974,3,15,Netherlands
Long Live Love,1974,4,14,United Kingdom
Bye Bye I Love You,1974,4,14,Luxembourg
Celui Qui Reste Et Celui Qui S'en Va,1974,4,14,Monaco
Natati La Khayay,1974,7,11,Israel
Cross Your Heart,1974,7,11,Ireland
Canta Y Se Feliz,1974,9,10,Spain
Fleur De Liberté,1974,9,10,Belgium
Krassi Thalassa Ke T'agori Mou,1974,11,7,Greece
Moja Generacija,1974,12,6,Yugoslavia
Äla Mene Pois (keep Me Warm),1974,13,4,Finland
The First Day Of Love,1974,14,3,Norway
Die Sommermelodie,1974,14,3,Germany
Mein Ruf Nach Dir,1974,14,3,Switzerland
E Depois Do Adeus,1974,14,3,Portugal
Ding-A-Dong,1975,1,152,Netherlands
Let Me Be The One,1975,2,138,United Kingdom
Era,1975,3,115,Italy
Et Bonjour à Toi L'artiste,1975,4,91,France
Toi,1975,5,84,Luxembourg
Mikado,1975,6,77,Switzerland
Old Man Fiddle,1975,7,74,Finland
Jennie Jennie,1975,8,72,Sweden
That's What Friends Are For,1975,9,68,Ireland
Tú Volverás,1975,10,53,Spain
At Va'Ani,1975,11,40,Israel
Singing This Song,1975,12,32,Malta
Dan Ljubezni,1975,13,22,Yugoslavia
Une Chanson C'est Une Lettre,1975,13,22,Monaco
Gelukkig Zijn,1975,15,17,Belgium
Madrugada,1975,16,16,Portugal
Ein Lied Kann Eine Brücke Sein,1975,17,15,Germany
You Touched My Life With Summer,1975,18,11,Norway
Seninle Bir Dakika,1975,19,3,Turkey
Save Your Kisses For Me,1976,1,164,United Kingdom
Un Deux Trois,1976,2,147,France
Toi La Musique Et Moi,1976,3,93,Monaco
Djambo Djambo,1976,4,91,Switzerland
My Little World,1976,5,80,Austria
Emor Shalom,1976,6,77,Israel
We'll Live It All Again,1976,7,69,Italy
Judy Et Cie.,1976,8,68,Belgium
The Party's Over Now,1976,9,56,Netherlands
When,1976,10,54,Ireland
Pump-pump,1976,11,44,Finland
Uma Flor De Verde Pinho,1976,12,24,Portugal
Panaghia Mou Panaghia Mou,1976,13,20,Greece
Chansons Pour Ceux Qui S'aiment,1976,14,17,Luxembourg
Sing Sang Song,1976,15,12,Germany
Sobran Las Palabras,1976,16,11,Spain
Ne Mogu Skriti Svoju Bol,1976,17,10,Yugoslavia
Mata Hari,1976,18,7,Norway
L'oiseau Et L'enfant,1977,1,136,France
Rock Bottom,1977,2,121,United Kingdom
It's Nice To Be In Love Again,1977,3,119,Ireland
Une Petite Française,1977,4,96,Monaco
Mathima Solfez,1977,5,92,Greece
Swiss Lady,1977,6,71,Switzerland
A Million In One Two Three,1977,7,69,Belgium
Telegram,1977,8,55,Germany
Enseñame A Cantar,1977,9,52,Spain
Lapponia,1977,10,50,Finland
Ah-haa-vah Hee Shir Lish-naa-yim,1977,11,49,Israel
De Mallemolen,1977,12,35,Netherlands
Liberà,1977,13,33,Italy
Casanova,1977,14,18,Norway
Portugal No Coração,1977,14,18,Portugal
Frère Jacques,1977,16,17,Luxembourg
Boom Boom Boomerang,1977,17,11,Austria
Beatles,1977,18,2,Sweden
A-Ba-Ni-Bi,1978,1,157,Israel
L'amour ça Fait Chanter La Vie,1978,2,125,Belgium
Il Y Aura Toujours Des Violons,1978,3,119,France
Les Jardins De Monaco,1978,4,107,Monaco
Born To Sing,1978,5,86,Ireland
Feuer,1978,6,84,Germany
Parlez-vous Français?,1978,7,73,Luxembourg
Charlie Chaplin,1978,8,66,Greece
Bailemos Un Vals,1978,9,65,Spain
Vivre,1978,9,65,Switzerland
The Bad Old Days,1978,11,61,United Kingdom
Questo Amore,1978,12,53,Italy
't Is Ok,1978,13,37,Netherlands
Det Blir Alltid Värre Framåt Natten,1978,14,26,Sweden
Mrs. Caroline Robinson,1978,15,14,Austria
Boom Boom,1978,16,13,Denmark
Dai-li-dou,1978,17,5,Portugal
Anna Rakkaudelle Tilaisuus,1978,18,2,Finland
Sevince,1978,18,2,Turkey
Mil Etter Mil,1978,20,0,Norway
Hallelujah,1979,1,125,Israel
Su Canción,1979,2,116,Spain
Je Suis L'enfant-soleil,1979,3,106,France
Happy Man,1979,5,80,Ireland
Disco Tango,1979,6,76,Denmark
Mary Ann,1979,7,73,United Kingdom
Socrati,1979,8,69,Greece
Sobe Sobe Balão Sobe,1979,9,64,Portugal
Trödler Und Co.,1979,10,60,Switzerland
Oliver,1979,11,57,Norway
Colorado,1979,12,51,Netherlands
J'ai Déjà Vu ça Dans Tes Yeux,1979,13,44,Luxembourg
Katson Sineen Taivaan,1979,14,38,Finland
Raggio Di Luna,1979,15,27,Italy
Notre Vie C'est La Musique,1979,16,12,Monaco
Satellit,1979,17,8,Sweden
Hey Nana,1979,18,5,Belgium
Heute In Jerusalem,1979,18,5,Austria
What's Another Year,1980,1,143,Ireland
Theater,1980,2,128,Germany
Love Enough For Two,1980,3,106,United Kingdom
Cinéma,1980,4,104,Switzerland
Amsterdam,1980,5,93,Netherlands
Non So Che Darei,1980,6,87,Italy
Um Grande Grande Amor,1980,7,71,Portugal
Du Bist Musik,1980,8,64,Austria
Papa Pingouin,1980,9,56,Luxembourg
Just Nu!,1980,10,47,Sweden
Hé Hé M'sieurs Dames,1980,11,45,France
Quédate Esta Noche,1980,12,38,Spain
Otostop,1980,13,30,Greece
Tænker Altid På Dig,1980,14,25,Denmark
Petr'oil,1980,15,23,Turkey
Sámiid Ædnan,1980,16,15,Norway
Euro-vision,1980,17,14,Belgium
Bitakat Hob,1980,18,7,Morocco
Huilumies,1980,19,6,Finland
Making Your Mind Up,1981,1,136,United Kingdom
Johnny Blue,1981,2,132,Germany
Humanahum,1981,3,125,France
Io Senza Tei,1981,4,121,Switzerland
Horoscopes,1981,5,105,Ireland
Monika,1981,6,69,Cyprus
Halaylah,1981,7,56,Israel
Feggari Kalokerino,1981,8,55,Greece
Het Is Een Wonder,1981,9,51,Netherlands
Fångad I En Dröm,1981,10,50,Sweden
C'est Peut-être Pas L'Amérique,1981,11,41,Luxembourg
Krøller Eller Ej,1981,11,41,Denmark
Samson,1981,13,40,Belgium
Y Solo Tú,1981,14,38,Spain
Leila,1981,15,35,Yugoslavia
Reggae O.k.,1981,16,27,Finland
Wenn Du Da Bist,1981,17,20,Austria
Dönme Dolap,1981,18,9,Turkey
Play-back,1981,18,9,Portugal
Aldri i Livet,1981,20,0,Norway
Ein Bißchen Frieden,1982,1,161,Germany
Hora,1982,2,100,Israel
Amour On T'aime,1982,3,97,Switzerland
Si Tu Aimes Ma Musique,1982,4,96,Belgium
Mono I Agapi,1982,5,85,Cyprus
Cour Apres Le Temps,1982,6,78,Luxembourg
One Step Further,1982,7,76,United Kingdom
Dag Efter Dag,1982,8,67,Sweden
Sonntag,1982,9,57,Austria
Él,1982,10,52,Spain
Here Today Gone Tomorrow,1982,11,49,Ireland
Adieu,1982,12,40,Norway
Bem-bom,1982,13,32,Portugal
Halo Halo,1982,14,21,Yugoslavia
Hani,1982,15,20,Turkey
Jij En Ik,1982,16,8,Netherlands
Video-video,1982,17,5,Denmark
Nuku Pommiin,1982,18,0,Finland
Si La Vie Est Cadeau,1983,1,142,Luxembourg
Hi,1983,2,136,Israel
Främling,1983,3,126,Sweden
Dzuli,1983,4,125,Yugoslavia
Rücksicht,1983,5,94,Germany
I'm Never Giving Up,1983,6,79,United Kingdom
Sing Me A Song,1983,7,66,Netherlands
Vivre,1983,8,56,France
Do Re Mi,1983,9,53,Norway
Hurricane,1983,9,53,Austria
Per Lucia,1983,11,41,Italy
Fantasiaa,1983,11,41,Finland
Esta Balada Que Te Dou,1983,13,33,Portugal
Mou Les,1983,14,32,Greece
Io Così Non Ci Sto,1983,15,28,Switzerland
I Agapi Akoma Zi,1983,16,26,Cyprus
Kloden Drejer,1983,17,16,Denmark
Rendez-vous,1983,18,13,Belgium
Opera,1983,19,0,Turkey
¿Quién Maneja Mi Barca?,1983,19,0,Spain
Diggi-loo Diggy-ley,1984,1,145,Sweden
Terminal '3',1984,2,137,Ireland
Lady Lady,1984,3,106,Spain
Det' Lige Det,1984,4,101,Denmark
Avanti La Vie,1984,5,70,Belgium
I Treni Di Tozeur,1984,5,70,Italy
Love Games,1984,7,63,United Kingdom
Autant D'amoureux Que D'étoiles,1984,8,61,France
Hengaillaan,1984,9,46,Finland
100% D'amour,1984,10,39,Luxembourg
Silêncio E Tanta Gente,1984,11,38,Portugal
Halay,1984,12,37,Turkey
Ik Hou Van Jou,1984,13,34,Netherlands
Aufrecht Geh'n,1984,13,34,Germany
Anna Maria Lena,1984,15,31,Cyprus
Welche Farbe Hat Der Sonnenschein,1984,16,30,Switzerland
Lenge Leve Livet,1984,17,29,Norway
Ciao Amore,1984,18,26,Yugoslavia
Einfach Weg,1984,19,5,Austria
La Det Swinge,1985,1,123,Norway
Für Alle,1985,2,105,Germany
Bra Vibrationer,1985,3,103,Sweden
Love Is...,1985,4,100,United Kingdom
Olé Olé,1985,5,93,Israel
Wait Until The Weekend Comes,1985,6,91,Ireland
Magic Oh Magic,1985,7,78,Italy
Kinder Dieser Welt,1985,8,60,Austria
Eläköön Elämä,1985,9,58,Finland
Femme Dans Ses Rêves Aussi,1985,10,56,France
Sku' Du Spør Fra No'n,1985,11,41,Denmark
Piano Piano,1985,12,39,Switzerland
Children Kinder Enfants,1985,13,37,Luxembourg
La Fiesta Terminó,1985,14,36,Spain
Di Dai Di Dai Dai (Aşık oldum),1985,14,36,Turkey
To Katalava Arga,1985,16,15,Cyprus
Miazoume,1985,16,15,Greece
Penso Em Ti Eu Sei,1985,18,9,Portugal
Laat Me Nu Gaan,1985,19,7,Belgium
J'aime La Vie,1986,1,176,Belgium
Pas Pour Moi,1986,2,140,Switzerland
L'amour De Ma Vie,1986,3,117,Luxembourg
You Can Count On Me,1986,4,96,Ireland
E' De' Det Här Du Kallar Kärlek,1986,5,78,Sweden
Du Er Fuld Af Løgn,1986,6,77,Denmark
Runner In The Night,1986,7,72,United Kingdom
Über Die Brücke Geh'n,1986,8,62,Germany
Halley,1986,9,53,Turkey
Valentino,1986,10,51,Spain
Željo Moja,1986,11,49,Yugoslavia
Romeo,1986,12,44,Norway
Alles Heeft Ritme,1986,13,40,Netherlands
Não Sejas Mau Para Mim,1986,14,28,Portugal
Päivä Kahden Ihmisen,1986,15,22,Finland
Gleðibankinn,1986,16,19,Iceland
Européennes,1986,17,13,France
Die Zeit Ist Einsam,1986,18,12,Austria
Yavoh Yom,1986,19,7,Israel
Tora Zo,1986,20,4,Cyprus
Hold Me Now,1987,1,172,Ireland
Laß Die Sonne In Dein Herz,1987,2,141,Germany
Gente Di Mare,1987,3,103,Italy
Ja Sam Za Ples,1987,4,92,Yugoslavia
Rechtop In De Wind,1987,5,83,Netherlands
En Lille Melodi,1987,5,83,Denmark
Aspro Mavro,1987,7,80,Cyprus
Shir Habatlanim,1987,8,73,Israel
Mitt Liv,1987,9,65,Norway
Stop!,1987,10,64,Greece
Soldiers Of Love,1987,11,56,Belgium
Boogaloo,1987,12,50,Sweden
Only The Light,1987,13,47,United Kingdom
Les Mots D'amour N'ont Pas De Dimanche,1987,14,44,France
Sata Salamaa,1987,15,32,Finland
Hægt Og Hljótt,1987,16,28,Iceland
Moitié Moitié,1987,17,26,Switzerland
Neste Barco à Vela,1987,18,15,Portugal
No Estás Solo,1987,19,10,Spain
Nur Noch Gefühl,1987,20,8,Austria
Amour Amour,1987,21,4,Luxembourg
Şarkım sevgi üstüne,1987,22,0,Turkey
Ne Partez Pas Sans Moi,1988,1,137,Switzerland
Go,1988,2,136,United Kingdom
Ka' Du Se Hva' Jeg Sa',1988,3,92,Denmark
Croire,1988,4,90,Luxembourg
For Vår Jord,1988,5,88,Norway
Mangup,1988,6,87,Yugoslavia
Ben Adam,1988,7,85,Israel
Take Him Home,1988,8,79,Ireland
Shangri-la,1988,9,70,Netherlands
Chanteur De Charme,1988,10,64,France
La Chica Que Yo Quiero (made In Spain),1988,11,58,Spain
Stad I Ljus,1988,12,52,Sweden
Ti Scrivo,1988,12,52,Italy
Lied Für Einen Freund,1988,14,48,Germany
Sufi,1988,15,37,Turkey
Sókrates,1988,16,20,Iceland
Kloun,1988,17,10,Greece
Laissez Briller Le Soleil,1988,18,5,Belgium
Voltarei,1988,18,5,Portugal
Nauravat Silmät Muistetaan,1988,20,3,Finland
Lisa Mona Lisa,1988,21,0,Austria
Rock Me,1989,1,137,Yugoslavia
Why Do I Always Get It Wrong,1989,2,130,United Kingdom
Vi Maler Byen Rød,1989,3,111,Denmark
En Dag,1989,4,110,Sweden
Nur Ein Lied,1989,5,97,Austria
Nacida Para Amar,1989,6,88,Spain
La Dolce Vita,1989,7,76,Finland
J'ai Volé La Vie,1989,8,60,France
Avrei Voluto,1989,9,56,Italy
To Diko Sou Asteri,1989,9,56,Greece
Apopse As Vrethoume,1989,11,51,Cyprus
Derech Ha'melech,1989,12,50,Israel
Viver Senza Tei,1989,13,47,Switzerland
Flieger,1989,14,46,Germany
Blijf Zoals Je Bent,1989,15,45,Netherlands
Conquistador,1989,16,39,Portugal
Venners Nærhet,1989,17,30,Norway
The Real Me,1989,18,21,Ireland
Door De Wind,1989,19,13,Belgium
Monsieur,1989,20,8,Luxembourg
Bana Bana,1989,21,5,Turkey
Það Sem Enginn Sér,1989,22,0,Iceland
Insieme: 1992,1990,1,149,Italy
White And Black Blues,1990,2,132,France
Somewhere In Europe,1990,2,132,Ireland
Eitt Lag Enn,1990,4,124,Iceland
Bandido,1990,5,96,Spain
Give A Little Love Back To The World,1990,6,87,United Kingdom
Hajde Da Ludujemo,1990,7,81,Yugoslavia
Hallo Hallo,1990,8,64,Denmark
Frei Zu Leben,1990,9,60,Germany
Keine Mauern Mehr,1990,10,58,Austria
Musik Klingt In Die Welt Hinaus,1990,11,51,Switzerland
Macédomienne,1990,12,46,Belgium
Quand Je Te Rêve,1990,13,38,Luxembourg
Milas Poli,1990,14,36,Cyprus
Ik Wil Alles Met Je Delen,1990,15,25,Netherlands
Som En Vind,1990,16,24,Sweden
Gözlerinin Hapsindeyim,1990,17,21,Turkey
Shara Barechovot,1990,18,16,Israel
Horis Skopo,1990,19,11,Greece
Há Sempre Alguém,1990,20,9,Portugal
Brandenburger Tor,1990,21,8,Norway
Fri?,1990,21,8,Finland
Fångad Av En Stormvind,1991,1,146,Sweden
C'est Le Dernier Qui A Parlé Qui A Raison,1991,2,146,France
Kan,1991,3,139,Israel
Bailar Pegados,1991,4,119,Spain
Canzone Per Te,1991,5,118,Switzerland
Could It Be,1991,6,106,Malta
Comme E' Ddoce 'o Mare,1991,7,89,Italy
Lusitana Paixão,1991,8,62,Portugal
S.O.S.,1991,9,60,Cyprus
Could It Be That I'm In Love,1991,10,47,Ireland
A Message To Your Heart,1991,10,47,United Kingdom
Iki Dakika,1991,12,44,Turkey
I Anixi,1991,13,36,Greece
Un Baiser Volé,1991,14,29,Luxembourg
Nina,1991,15,26,Iceland
Geef Het Op,1991,16,23,Belgium
Mrs. Thompson,1991,17,14,Norway
Dieser Traum Darf Niemals Sterben,1991,18,10,Germany
Lige Der Hvor Hjertet Slår,1991,19,8,Denmark
Hullu Yö,1991,20,6,Finland
Brazil,1991,21,1,Yugoslavia
Venedig Im Regen,1991,22,0,Austria
Why Me,1992,1,155,Ireland
One Step Out Of Time,1992,2,139,United Kingdom
Little Child,1992,3,123,Malta
Rapsodia,1992,4,111,Italy
Olou Tou Kosmou tin Elpida,1992,5,94,Greece
Ze Rak Sport,1992,6,85,Israel
Nei Eða Já,1992,7,80,Iceland
Monté La Riviè,1992,8,73,France
Wijs Me De Weg,1992,9,67,Netherlands
Zusammen Geh'n,1992,10,63,Austria
Teriazoume,1992,11,57,Cyprus
Alt Det Som Ingen Ser,1992,12,47,Denmark
Ljubim Te Pesmama,1992,13,44,Yugoslavia
Todo Esto Es La Música,1992,14,37,Spain
Mister Music Man,1992,15,32,Switzerland
Träume Sind Für Alle Da,1992,16,27,Germany
Amor D'água Fresca,1992,17,26,Portugal
Visjoner,1992,18,23,Norway
Yaz Bitti,1992,19,17,Turkey
Nous On Veut Des Violons,1992,20,11,Belgium
Sou Fräi,1992,21,10,Luxembourg
I Morgon är En Annan Dag,1992,22,9,Sweden
Yamma Yamma,1992,23,4,Finland
In Your Eyes,1993,1,187,Ireland
Better The Devil You Know,1993,2,164,United Kingdom
Moi Tout Simplement,1993,3,148,Switzerland
Mama Corsica,1993,4,121,France
Alle Mine Tankar,1993,5,120,Norway
Vrede,1993,6,92,Netherlands
Eloïse,1993,7,89,Sweden
This Time,1993,8,69,Malta
Ellada Hora Tou Fotos,1993,9,64,Greece
A Cidade Até Ser Dia,1993,10,60,Portugal
Hombres,1993,11,58,Spain
Sole D'europa,1993,12,45,Italy
þá Veistu Svarið,1993,13,42,Iceland
Maria Magdalena,1993,14,32,Austria
Don't Ever Cry,1993,15,31,Croatia
Sva Bol Svijeta,1993,16,27,Bosnia & Herzegovina
Tule Luo,1993,17,20,Finland
Viel Zu Weit,1993,18,18,Germany
Mi Stamatas,1993,19,17,Cyprus
Donne-moi Une Chance,1993,20,11,Luxembourg
Esmer Yarim,1993,21,10,Turkey
Under Stjernerne På Himlen,1993,22,9,Denmark
Tih Dezeven Dan,1993,22,9,Slovenia
Shiru,1993,24,4,Israel
Iemand Als Jij,1993,25,3,Belgium
Rock 'n' Roll Kids,1994,1,226,Ireland
To Nie Ja!,1994,2,166,Poland
Wir Geben 'ne Party,1994,3,128,Germany
Kinek Mondjam El Vétkeimet,1994,4,122,Hungary
More Than Love,1994,5,97,Malta
Duett,1994,6,76,Norway
Je Suis Un Vrai Garçon,1994,7,74,France
Chamar A Música,1994,8,73,Portugal
Vechni Stranik,1994,9,70,Russia
We Will Be Free (lonely Symphony),1994,10,63,United Kingdom
Ime Anthropos Ke Ego,1994,11,51,Cyprus
Nætur,1994,12,49,Iceland
Stjärnorna,1994,13,48,Sweden
To Trehantiri,1994,14,44,Greece
Ostani Kraj Mene,1994,15,39,Bosnia & Herzegovina
Nek'ti Bude Ljubav Sva,1994,16,27,Croatia
Für Den Frieden Der Welt,1994,17,19,Austria
Ella No Es Ella,1994,18,17,Spain
Sto Pregando,1994,19,15,Switzerland
Nekovecná Piesen,1994,19,15,Slovakia
Dincolo De Nori,1994,21,14,Romania
Bye Bye Baby,1994,22,11,Finland
Waar Is De Zon,1994,23,4,Netherlands
Nagu Merelaine,1994,24,2,Estonia
Lopšinė mylimai,1994,25,0,Lithuania
Nocturne,1995,1,148,Norway
Vuelve Conmigo,1995,2,119,Spain
Se På Mej,1995,3,100,Sweden
Il Me Donne Rendez-vous,1995,4,94,France
Fra Mols Til Skagen,1995,5,92,Denmark
Nostalgija,1995,6,91,Croatia
Prisluhni Mi,1995,7,84,Slovenia
Amen,1995,8,81,Israel
Sti Fotia,1995,9,79,Cyprus
Keep Me In Mind,1995,10,76,Malta
Pia Prosefhi,1995,12,68,Greece
Die Welt Dreht Sich Verkehrt,1995,13,67,Austria
Dreamin',1995,14,44,Ireland
Núna,1995,15,31,Iceland
Sev!,1995,16,21,Turkey
Kolybelnaya Dlya Vulkana,1995,17,17,Russia
Sama,1995,18,15,Poland
Dvadeset I Prvi Vijek,1995,19,14,Bosnia & Herzegovina
La Voix Est Libre,1995,20,8,Belgium
Baunilha E Chocolate,1995,21,5,Portugal
Ùj Nèv Egy Règi Hàz Fàlan,1995,22,3,Hungary
Verliebt In Dich,1995,23,1,Germany
The Voice,1996,1,162,Ireland
I Evighet,1996,2,114,Norway
Den Vilda,1996,3,100,Sweden
Sveta Ljubav,1996,4,98,Croatia
Kaelakee Hääl,1996,5,94,Estonia
O Meu Coração Não Tem Cor,1996,6,92,Portugal
De Eerste Keer,1996,7,78,Netherlands
Ooh...Aah...Just A Little Bit,1996,8,77,United Kingdom
Mono Gia Mas,1996,9,72,Cyprus
In A Woman's Heart,1996,10,68,Malta
Weil's Dr Guat Got,1996,10,68,Austria
Besinçi Mevsim,1996,12,57,Turkey
Sjúbídú,1996,13,51,Iceland
Emis Forame To Himona Anixiatika,1996,14,36,Greece
Chce Znac Swój Grzech,1996,15,31,Poland
Mon Coeur L'aime,1996,16,22,Switzerland
Liefde Is Een Kaartspel,1996,16,22,Belgium
Kým Nás Máš,1996,18,19,Slovakia
Diwanit Bugale,1996,19,18,France
¡Ay Qué Deseo!,1996,20,17,Spain
Dan najlepših sanj,1996,21,16,Slovenia
Za Našu Ljubav,1996,22,13,Bosnia & Herzegovina
Niin Kaunis On Taivas,1996,23,9,Finland
Love Shine A Light,1997,1,227,United Kingdom
Mysterious Woman,1997,2,157,Ireland
Dinle,1997,3,121,Turkey
Fiumi Di Parole,1997,4,114,Italy
Mana Mou,1997,5,98,Cyprus
Sin Rencor,1997,6,96,Spain
Sentiments Songes,1997,7,95,France
Keelatud Maa,1997,8,82,Estonia
Let Me Fly,1997,9,66,Malta
Zbudi Se,1997,10,60,Slovenia
Ale Jestem,1997,11,54,Poland
Horepse,1997,12,39,Greece
Miert Kell Hogy Elmenj?,1997,12,39,Hungary
Bara Hon älskar Mig,1997,14,36,Sweden
Primadonna,1997,15,33,Russia
Stemmen I Mit Liv,1997,16,25,Denmark
Probudi Me,1997,17,24,Croatia
Zeit,1997,18,22,Germany
Goodbye,1997,18,22,Bosnia & Herzegovina
Minn Hinsti Dans,1997,20,18,Iceland
One Step,1997,21,12,Austria
Dentro Di Me,1997,22,5,Switzerland
Niemand Heeft Nog Tijd,1997,22,5,Netherlands
San Francisco,1997,24,0,Norway
Antes Do Adeus,1997,24,0,Portugal
Diva,1998,1,172,Israel
Where Are You?,1998,2,166,United Kingdom
The One That I Love,1998,3,165,Malta
Hemel En Aarde,1998,4,150,Netherlands
Neka Mi Ne Svane,1998,5,131,Croatia
Dis Oui,1998,6,122,Belgium
Guildo Hat Euch Lieb,1998,7,86,Germany
Alltid Sommer,1998,8,79,Norway
Is Always Over Now?,1998,9,64,Ireland
Kärleken är,1998,10,53,Sweden
Genesis,1998,11,37,Cyprus
Se Eu Te Pudesse Abraçar,1998,12,36,Portugal
Mere Lapsed,1998,12,36,Estonia
Unutamazsin,1998,14,25,Turkey
Aava,1998,15,22,Finland
¿Qué Voy A Hacer Sin Ti?,1998,16,21,Spain
To Takie Proste,1998,17,19,Poland
Naj Bogovi Sliijo,1998,18,17,Slovenia
Ne Zori Zoro,1998,19,16,North Macedonia
Mia Krifi Evaisthissia,1998,20,12,Greece
Modlitba,1998,21,8,Slovakia
Eu Cred,1998,22,6,Romania
A Holnap Már Ném Lesz Szomorú,1998,23,4,Hungary
Où Aller,1998,24,3,France
Lass Ihn,1998,25,0,Switzerland
Take Me To Your Heaven,1999,1,163,Sweden
All Out Of Luck,1999,2,146,Iceland
Reise Nach Jerusalem - Kudüs'e Seyahat,1999,3,140,Germany
Marija Magdalena,1999,4,118,Croatia
Yom Huledeth,1999,5,93,Israel
Diamond Of Night,1999,6,90,Estonia
Putnici,1999,7,86,Bosnia & Herzegovina
This Time (i Mean It),1999,8,71,Denmark
One Good Reason,1999,8,71,Netherlands
Reflection,1999,10,65,Austria
For A Thousand Years,1999,11,50,Slovenia
Like The Wind,1999,12,38,Belgium
Say It Again,1999,12,38,United Kingdom
Living My Life Without You,1999,14,35,Norway
Believe 'n Peace,1999,15,32,Malta
Dön Artik,1999,16,21,Turkey
When You Need Me,1999,17,18,Ireland
Przytul Mnie Mocno,1999,18,17,Poland
Je Veux Donner Ma Voix,1999,19,14,France
Strazdas,1999,20,13,Lithuania
Como Tudo Começou,1999,21,12,Portugal
Tha'nai Erotas,1999,22,2,Cyprus
No Quiero Escuchar,1999,23,1,Spain
Fly On The Wings Of Love,2000,1,195,Denmark
Solo,2000,2,155,Russia
My Star,2000,3,136,Latvia
Once In A Lifetime,2000,4,98,Estonia
Wadde Hadde Dudde Da,2000,5,96,Germany
Millennium Of Love,2000,6,92,Ireland
When Spirits Are Calling My Name,2000,7,88,Sweden
Desire,2000,8,73,Malta
Kada Zaspu Andeli,2000,9,70,Croatia
Yorgunum Anla,2000,10,59,Turkey
My Heart Goes Boom,2000,11,57,Norway
Tell Me!,2000,12,45,Iceland
No Goodbyes,2000,13,40,Netherlands
All To You,2000,14,34,Austria
100% Te Ljubam,2000,15,29,North Macedonia
Don't Play That Song Again,2000,16,28,United Kingdom
The Moon,2000,17,25,Romania
Colgado De Un Sueño,2000,18,18,Spain
A Little Bit,2000,18,18,Finland
La Vita Cos'è?,2000,20,14,Switzerland
Nomiza,2000,21,8,Cyprus
Sa'me'akh,2000,22,7,Israel
On Aura Le Ciel,2000,23,5,France
Envie De Vivre,2000,24,2,Belgium
Everybody,2001,1,198,Estonia
Never Ever Let You Go,2001,2,177,Denmark
Die For You,2001,3,147,Greece
Je N'ai Que Mon âme,2001,4,142,France
Listen To Your Heartbeat,2001,5,100,Sweden
Dile Que La Quiero,2001,6,76,Spain
Energy,2001,7,70,Slovenia
Wer Liebe Lebt,2001,8,66,Germany
Another Summer Night,2001,9,48,Malta
Strings Of My Heart,2001,10,42,Croatia
Sevgiliye Son,2001,11,41,Turkey
Lady Alpine Blue,2001,12,37,Russia
You Got Style,2001,13,35,Lithuania
Hano,2001,14,29,Bosnia & Herzegovina
No Dream Impossible,2001,15,28,United Kingdom
Ein Davar,2001,16,25,Israel
Só Sei Ser Feliz Assim,2001,17,18,Portugal
Out On My Own,2001,18,16,Netherlands
Too Much,2001,18,16,Latvia
2 Long,2001,20,11,Poland
Without Your Love,2001,21,6,Ireland
Angel,2001,22,3,Iceland
On My Own,2001,22,3,Norway
I Wanna,2002,1,176,Latvia
7th Wonder,2002,2,164,Malta
Come Back,2002,3,111,United Kingdom
Runaway,2002,3,111,Estonia
Il Faut Du Temps,2002,5,104,France
Gimme,2002,6,85,Cyprus
Europe's Living A Celebration,2002,7,81,Spain
Never Let It Go,2002,8,72,Sweden
Tell Me Why,2002,9,71,Romania
Northern Girl,2002,10,55,Russia
Everything I Want,2002,11,44,Croatia
Light A Candle,2002,12,37,Israel
Na Jastuku Za Dvoje,2002,13,33,Bosnia & Herzegovina
Sister,2002,13,33,Belgium
Samo Ljubezen,2002,13,33,Slovenia
Leylaklar Soldu Kalbinde,2002,16,29,Turkey
S.A.G.A.P.O.,2002,17,27,Greece
Say A Word,2002,18,26,Austria
Od Nas Zavisi,2002,19,25,North Macedonia
Addicted To You,2002,20,24,Finland
I Can't Live Without Music,2002,21,17,Germany
Dans Le Jardin De Mon Âme,2002,22,15,Switzerland
Happy You,2002,23,12,Lithuania
Tell Me Who You Are,2002,24,7,Denmark
Everyway That I Can,2003,1,167,Turkey
Sanomi,2003,2,165,Belgium
Ne Ver Ne Boisia,2003,3,164,Russia
I'm Not Afraid To Move On,2003,4,123,Norway
Give Me Your Love,2003,5,107,Sweden
Weil Der Mensch Zählt,2003,6,101,Austria
Keine Grenzen - Zadnych Granic,2003,7,90,Poland
Open Your Heart,2003,8,81,Iceland
Dime,2003,8,81,Spain
Dont Break My Heart,2003,10,73,Romania
We've Got The World,2003,11,53,Ireland
Lets Get Happy,2003,11,53,Germany
One More Night,2003,13,45,Netherlands
Hasta La Vista,2003,14,30,Ukraine
Vie Nisam Tvoja,2003,15,29,Croatia
Ne Brini,2003,16,27,Bosnia & Herzegovina
Never Let You Go,2003,17,25,Greece
Monts Et Merveilles,2003,18,19,France
Words For Love,2003,19,17,Israel
Feeling Alive,2003,20,15,Cyprus
Eighties Coming Back,2003,21,14,Estonia
Deixa-me Sonhar,2003,22,13,Portugal
Nanana,2003,23,7,Slovenia
Hello From Mars,2003,24,5,Latvia
To Dream Again,2003,25,4,Malta
Cry Baby,2003,26,0,United Kingdom
Wild Dances,2004,1,280,Ukraine
Lane Moje,2004,2,263,Serbia & Montenegro
Shake It,2004,3,252,Greece
For Real,2004,4,195,Turkey
Stronger Every Minute,2004,5,170,Cyprus
It Hurts,2004,5,170,Sweden
The Image Of You,2004,7,106,Albania
Can't Wait Until Tonight,2004,8,93,Germany
In The Disco,2004,9,91,Bosnia & Herzegovina
Para Llenarme De Ti,2004,10,87,Spain
Believe Me,2004,11,67,Russia
On Again... Off Again,2004,12,50,Malta
You Are The Only One,2004,12,50,Croatia
Life,2004,14,47,North Macedonia
A Chaque Pas,2004,15,40,France
Hold On To Our Love,2004,16,29,United Kingdom
Love Song,2004,17,27,Poland
I Admit,2004,18,18,Romania
Heaven,2004,19,16,Iceland
Without You,2004,20,11,Netherlands
Du Bist,2004,21,9,Austria
1 Life,2004,22,7,Belgium
If My World Stopped Turning,2004,22,7,Ireland
High,2004,24,3,Norway
My Number One,2005,1,230,Greece
Angel,2005,2,192,Malta
Let Me Try,2005,3,158,Romania
Hasheket Shenish'ar,2005,4,154,Israel
The War Is Not Over,2005,5,153,Latvia
Boonika Bate Doba,2005,6,148,Moldova
Zauvijek Moja,2005,7,137,Serbia & Montenegro
Cool Vibes,2005,8,128,Switzerland
In My Dreams,2005,9,125,Norway
Talking To You,2005,9,125,Denmark
Vukovi Umiru Sami,2005,11,115,Croatia
Forogj Világ,2005,12,97,Hungary
Rimi Rimi Ley,2005,13,92,Turkey
Call Me,2005,14,79,Bosnia & Herzegovina
Nobody Hurt No One,2005,15,57,Russia
Tomorrow I Go,2005,16,53,Albania
Make My Day,2005,17,52,North Macedonia
Ela Ela,2005,18,46,Cyprus
Las Vegas,2005,19,30,Sweden
Razom Nas Bahato,2005,19,30,Ukraine
Brujería,2005,21,28,Spain
Touch My Fire,2005,22,18,United Kingdom
Chacun Pense à Soi,2005,23,11,France
Run & Hide,2005,24,4,Germany
Hard Rock Hallelujah,2006,1,292,Finland
Never Let You Go,2006,2,248,Russia
Lejla,2006,3,229,Bosnia & Herzegovina
Tornero,2006,4,172,Romania
Invincible,2006,5,170,Sweden
We Are The Winners,2006,6,162,Lithuania
Show Me Your Love,2006,7,145,Ukraine
Without Your Love,2006,8,129,Armenia
Everything,2006,9,128,Greece
Every Song Is A Cry For Love,2006,10,93,Ireland
Superstar,2006,11,91,Turkey
Ninanajna,2006,12,56,North Macedonia
Moja tikla,2006,12,56,Croatia
Alvedansen,2006,14,36,Norway
No No Never,2006,14,36,Germany
If We All Give A Little,2006,16,30,Switzerland
I Hear Your Heart,2006,16,30,Latvia
Twist Of Love,2006,18,26,Denmark
Teenage Life,2006,19,25,United Kingdom
Loca,2006,20,22,Moldova
Bloody Mary,2006,21,18,Spain
Il était Temps,2006,22,5,France
Ze Hazman,2006,23,4,Israel
I Do,2006,24,1,Malta
Molitva,2007,1,268,Serbia
Dancing Lasha Tumbai,2007,2,235,Ukraine
Song # 1,2007,3,207,Russia
Shake It Up Shekerim,2007,4,163,Turkey
Water,2007,5,157,Bulgaria
Work Your Magic,2007,6,145,Belarus
Yassou Maria,2007,7,139,Greece
Anytime You Need,2007,8,138,Armenia
Unsubstantial Blues,2007,9,128,Hungary
Fight,2007,10,109,Moldova
Rijeka Bez Imena,2007,11,106,Bosnia & Herzegovina
Visionary Dream,2007,12,97,Georgia
Liubi Liubi I Love You,2007,13,84,Romania
Mojot Svet,2007,14,73,North Macedonia
Cvet Z Juga,2007,15,66,Slovenia
Questa Notte,2007,16,54,Latvia
Leave Me Alone,2007,17,53,Finland
The Worrying Kind,2007,18,51,Sweden
Frauen Regieren Die Welt,2007,19,49,Germany
I Love You Mi Vida,2007,20,43,Spain
Love Or Leave,2007,21,28,Lithuania
L'amour à La Française,2007,22,19,France
Flying The Flag (for You),2007,22,19,United Kingdom
They Can't Stop The Spring,2007,24,5,Ireland
Believe,2008,1,272,Russia
Shady Lady,2008,2,230,Ukraine
Secret Combination,2008,3,218,Greece
Qele Qele,2008,4,199,Armenia
Hold On Be Strong,2008,5,182,Norway
Oro,2008,6,160,Serbia
Deli,2008,7,138,Turkey
Day After Day,2008,8,132,Azerbaijan
The Fire In Your Eyes,2008,9,124,Israel
Pokušaj,2008,10,110,Bosnia & Herzegovina
Peace Will Come,2008,11,83,Georgia
Wolves Of The Sea,2008,12,83,Latvia
Senhora Do Mar (Negras Águas),2008,13,69,Portugal
This Is My Life,2008,14,64,Iceland
All Night Long,2008,15,60,Denmark
Baila El Chiki Chiki,2008,16,55,Spain
Zemrën E Lamë Peng,2008,17,55,Albania
Hero,2008,18,47,Sweden
Divine,2008,19,47,France
Pe-o Margine De Lume,2008,20,45,Romania
Romanca,2008,21,44,Croatia
Missä Miehet Ratsastaa,2008,22,35,Finland
Disappear,2008,23,14,Germany
For Life,2008,24,14,Poland
Even If,2008,25,14,United Kingdom
Fairytale,2009,1,387,Norway
Is It True?,2009,2,218,Iceland
Always,2009,3,207,Azerbaijan
Düm Tek Tek,2009,4,177,Turkey
It's My Time,2009,5,173,United Kingdom
Rändajad,2009,6,129,Estonia
This Is Our Night,2009,7,120,Greece
Et S'il Fallait Le Faire,2009,8,107,France
Bistra Voda,2009,9,106,Bosnia & Herzegovina
Jan Jan,2009,10,92,Armenia
Mamo,2009,11,91,Russia
Be my Valentine! (Anti-crisis Girl),2009,12,76,Ukraine
Believe Again,2009,13,74,Denmark
Hora Din Moldova,2009,14,69,Moldova
Todas As Ruas Do Amor,2009,15,57,Portugal
There Must Be Another Way,2009,16,53,Israel
Carry Me In Your Dreams,2009,17,48,Albania
Lijepa Tena,2009,18,45,Croatia
The Balkan Girls,2009,19,40,Romania
Miss Kiss Kiss Bang,2009,20,35,Germany
La Voix,2009,21,33,Sweden
What If We,2009,22,31,Malta
Love,2009,23,23,Lithuania
La Noche Es Para Mí (The Night Is For Me),2009,24,23,Spain
Lose Control,2009,25,22,Finland
Satellite,2010,1,246,Germany
We Could Be The Same,2010,2,170,Turkey
Playing With Fire,2010,3,162,Romania
In A Moment Like This,2010,4,149,Denmark
Drip Drop,2010,5,145,Azerbaijan
Me And My Guitar,2010,6,143,Belgium
Apricot Stone,2010,7,141,Armenia
OPA,2010,8,140,Greece
Shine,2010,9,136,Georgia
Sweet People,2010,10,108,Ukraine
Lost And Forgotten,2010,11,90,Russia
Allez Olla Olé,2010,12,82,France
Ovo Je Balkan,2010,13,72,Serbia
Milim,2010,14,71,Israel
Algo Pequeñito,2010,15,68,Spain
It's All About You,2010,16,62,Albania
Thunder and Lightning,2010,17,51,Bosnia & Herzegovina
Há Dias Assim,2010,18,43,Portugal
Je Ne Sais Quoi,2010,19,41,Iceland
My Heart Is Yours,2010,20,35,Norway
Life Looks Better In Spring,2010,21,27,Cyprus
Run Away,2010,22,27,Moldova
It's For You,2010,23,25,Ireland
Butterflies,2010,24,18,Belarus
That Sounds Good To Me,2010,25,10,United Kingdom
Running Scared,2011,1,221,Azerbaijan
Madness Of Love,2011,2,189,Italy
Popular,2011,3,185,Sweden
Angel,2011,4,159,Ukraine
New Tomorrow,2011,5,134,Denmark
Love In Rewind,2011,6,125,Bosnia & Herzegovina
Watch My Dance,2011,7,120,Greece
Lipstick,2011,8,119,Ireland
One More Day,2011,9,110,Georgia
Taken By A Stranger,2011,10,107,Germany
I Can,2011,11,100,United Kingdom
So Lucky,2011,12,97,Moldova
No One,2011,13,96,Slovenia
Čaroban,2011,14,85,Serbia
Sognu,2011,15,82,France
Get You,2011,16,77,Russia
Change,2011,17,77,Romania
The Secret Is Love,2011,18,64,Austria
C'est Ma Vie,2011,19,63,Lithuania
Coming Home,2011,20,61,Iceland
Da Da Dam,2011,21,57,Finland
What About My Dreams?,2011,22,53,Hungary
Que Me Quiten Lo Bailao,2011,23,50,Spain
Rockefeller Street,2011,24,44,Estonia
In Love For A While,2011,25,19,Switzerland
Euphoria,2012,1,372,Sweden
Party For Everybody,2012,2,259,Russia
Nije Ljubav Stvar,2012,3,214,Serbia
When The Music Dies,2012,4,150,Azerbaijan
Suus,2012,5,146,Albania
Kuula,2012,6,120,Estonia
Love Me Back,2012,7,112,Turkey
Standing Still,2012,8,110,Germany
L'Amore È Femmina (Out Of Love),2012,9,101,Italy
Quédate Conmigo,2012,10,97,Spain
Lăutar,2012,11,81,Moldova
Zaleilah,2012,12,71,Romania
Crno I Belo,2012,13,71,North Macedonia
Love Is Blind,2012,14,70,Lithuania
Be My Guest,2012,15,65,Ukraine
La La Love,2012,16,65,Cyprus
Aphrodisiac,2012,17,64,Greece
Korake Ti Znam,2012,18,55,Bosnia & Herzegovina
Waterline,2012,19,46,Ireland
Never Forget,2012,20,46,Iceland
This Is The Night,2012,21,41,Malta
Echo (You And I),2012,22,21,France
Should've Known Better,2012,23,21,Denmark
Sound Of Our Hearts,2012,24,19,Hungary
Love Will Set You Free,2012,25,12,United Kingdom
Stay,2012,26,7,Norway
Only Teardrops,2013,1,281,Denmark
Hold Me,2013,2,234,Azerbaijan
Gravity,2013,3,214,Ukraine
I Feed You My Love,2013,4,191,Norway
What If,2013,5,174,Russia
Alcohol Is Free,2013,6,152,Greece
L'Essenziale,2013,7,126,Italy
Tomorrow,2013,8,120,Malta
Birds,2013,9,114,Netherlands
Kedvesem,2013,10,84,Hungary
O Mie,2013,11,71,Moldova
Love Kills,2013,12,71,Belgium
It's My Life,2013,13,65,Romania
You,2013,14,62,Sweden
Waterfall,2013,15,50,Georgia
Solayoh,2013,16,48,Belarus
Ég Á Líf,2013,17,47,Iceland
Lonely Planet,2013,18,41,Armenia
Believe In Me,2013,19,23,United Kingdom
Et Uus Saaks Alguse,2013,20,19,Estonia
Glorious,2013,21,18,Germany
Something,2013,22,17,Lithuania
L'enfer Et Moi,2013,23,14,France
Marry Me,2013,24,13,Finland
Contigo Hasta El Final (With You Until The End),2013,25,8,Spain
Only Love Survives,2013,26,5,Ireland
Rise Like a Phoenix,2014,1,290,Austria
Calm After The Storm,2014,2,238,Netherlands
Undo,2014,3,218,Sweden
Not Alone,2014,4,174,Armenia
Running,2014,5,143,Hungary
Tick - Tock,2014,6,113,Ukraine
Shine,2014,7,89,Russia
Silent Storm,2014,8,88,Norway
Cliche Love Song,2014,9,74,Denmark
Dancing in the rain,2014,10,74,Spain
Something Better,2014,11,72,Finland
Miracle,2014,12,72,Romania
Hunter Of Stars,2014,13,64,Switzerland
My Słowianie - We Are Slavic,2014,14,62,Poland
No Prejudice,2014,15,58,Iceland
Cheesecake,2014,16,43,Belarus
Children of the Universe,2014,17,40,United Kingdom
Is It Right,2014,18,39,Germany
Moj Svijet,2014,19,37,Montenegro
Rise Up,2014,20,35,Greece
La Mia Città,2014,21,33,Italy
Start A Fire,2014,22,33,Azerbaijan
Coming Home,2014,23,32,Malta
Maybe (Forse),2014,24,14,San Marino
Round and Round,2014,25,9,Slovenia
Moustache,2014,26,2,France
Heroes,2015,1,365,Sweden
A Million Voices,2015,2,303,Russia
Grande Amore,2015,3,292,Italy
Rhythm Inside,2015,4,217,Belgium
Tonight Again,2015,5,196,Australia
Love Injected,2015,6,186,Latvia
Goodbye to Yesterday,2015,7,106,Estonia
A Monster Like Me,2015,8,102,Norway
Golden Boy,2015,9,97,Israel
Beauty Never Lies,2015,10,53,Serbia
Warrior,2015,11,51,Georgia
Hour Of The Wolf,2015,12,49,Azerbaijan
Adio,2015,13,44,Montenegro
Here for You,2015,14,39,Slovenia
De La Capăt / All Over Again,2015,15,35,Romania
Face The Shadow,2015,16,34,Armenia
I'm Alive,2015,17,34,Albania
This Time,2015,18,30,Lithuania
One Last Breath,2015,19,23,Greece
Wars For Nothing,2015,20,19,Hungary
Amanecer,2015,21,15,Spain
One Thing I Should Have Done,2015,22,11,Cyprus
In The Name Of Love,2015,23,10,Poland
Still in Love with You,2015,24,5,United Kingdom
N’oubliez pas,2015,25,4,France
I Am Yours,2015,26,0,Austria
Black Smoke,2015,27,0,Germany
1944,2016,1,534,Ukraine
Sound of Silence,2016,2,511,Australia
You Are the Only One,2016,3,491,Russia
If Love Was a Crime,2016,4,307,Bulgaria
If I Were Sorry,2016,5,261,Sweden
J'ai Cherché,2016,6,257,France
LoveWave,2016,7,249,Armenia
Color of Your Life,2016,8,229,Poland
I've Been Waiting for This Night,2016,9,200,Lithuania
What's the Pressure,2016,10,181,Belgium
Slow Down,2016,11,153,Netherlands
Walk on Water,2016,12,153,Malta
Loin d'ici,2016,13,151,Austria
Made of Stars,2016,14,135,Israel
Heartbeat,2016,15,132,Latvia
No Degree of Separation,2016,16,124,Italy
Miracle,2016,17,117,Azerbaijan
Goodbye (Shelter),2016,18,115,Serbia
Pioneer,2016,19,108,Hungary
Midnight Gold,2016,20,104,Georgia
Alter Ego,2016,21,96,Cyprus
Say Yay!,2016,22,77,Spain
Lighthouse,2016,23,73,Croatia
You're Not Alone,2016,24,62,United Kingdom
I Stand,2016,25,41,Czech Republic
Ghost,2016,26,11,Germany
Amar Pelos Dois,2017,1,758,Portugal
Beautiful Mess,2017,2,615,Bulgaria
Hey Mamma,2017,3,374,Moldova
City Lights,2017,4,363,Belgium
I Can't Go On,2017,5,344,Sweden
Occidentali's Karma,2017,6,334,Italy
Yodel It!,2017,7,282,Romania
Origo,2017,8,200,Hungary
Don't Come Easy,2017,9,173,Australia
Grab the Moment,2017,10,158,Norway
Lights And Shadows,2017,11,150,Netherlands
Requiem,2017,12,135,France
My Friend,2017,13,128,Croatia
Skeletons,2017,14,120,Azerbaijan
Never Give Up on You,2017,15,111,United Kingdom
Running On Air,2017,16,93,Austria
Historyja Majho Zyccia,2017,17,83,Belarus
Fly With Me,2017,18,79,Armenia
This is Love,2017,19,77,Greece
Where I Am,2017,20,77,Denmark
Gravity,2017,21,68,Cyprus
Flashlight,2017,22,64,Poland
I Feel Alive,2017,23,39,Israel
Time,2017,24,36,Ukraine
Perfect Life,2017,25,6,Germany
Do It for Your Lover,2017,26,5,Spain
Toy,2018,1,529,Israel
Fuego,2018,2,436,Cyprus
Nobody But You,2018,3,342,Austria
You Let Me Walk Alone,2018,4,340,Germany
Non Mi Avete Fatto Niente,2018,5,308,Italy
Lie To Me,2018,6,281,Czech Republic
Dance You Off,2018,7,274,Sweden
La Forza,2018,8,245,Estonia
Higher Ground,2018,9,226,Denmark
My Lucky Day,2018,10,209,Moldova
Mall,2018,11,184,Albania
When We're Old,2018,12,181,Lithuania
Mercy,2018,13,173,France
Bones,2018,14,166,Bulgaria
That's How You Write a Song,2018,15,144,Norway
Together,2018,16,136,Ireland
Under the Ladder,2018,17,130,Ukraine
Outlaw In 'Em,2018,18,121,Netherlands
Nova Deca,2018,19,113,Serbia
We Got Love,2018,20,99,Australia
Viszlát Nyár,2018,21,93,Hungary
Hvala ne!,2018,22,64,Slovenia
Tu Canción,2018,23,61,Spain
Storm,2018,24,48,United Kingdom
Monsters,2018,25,46,Finland
O Jardim,2018,26,39,Portugal
Arcade,2019,1,498,Netherlands
Soldi,2019,2,472,Italy
Scream,2019,3,370,Russia
She Got Me,2019,4,364,Switzerland
Too Late for Love,2019,5,334,Sweden
Spirit in the Sky,2019,6,331,Norway
Proud,2019,7,305,North Macedonia
Truth,2019,8,302,Azerbaijan
Zero Gravity,2019,9,284,Australia
Hatrið mun sigra,2019,10,232,Iceland
Friend of a Friend,2019,11,157,Czech Republic
Love Is Forever,2019,12,120,Denmark
Replay,2019,13,109,Cyprus
Chameleon,2019,14,107,Malta
Sebi,2019,15,105,Slovenia
Roi,2019,16,105,France
Ktheju Tokës,2019,17,90,Albania
Kruna,2019,18,89,Serbia
Say Na Na Na,2019,19,77,San Marino
Storm,2019,20,76,Estonia
Better Love,2019,21,74,Greece
La Venda,2019,22,54,Spain
Home,2019,23,35,Israel
Like It,2019,24,31,Belarus
Sister,2019,25,24,Germany
Bigger Than Us,2019,26,11,United Kingdom
