year,to_country,song,place_final,points_final,performer
1957,Netherlands,Net Als Toen,1,31,Corry Brokken
1957,France,La Belle Amour,2,17,Paule Desjardins
1957,Denmark,Skibet Skal Sejle I Nat,3,10,Birthe Wilke & Gustav Winckler
1957,Luxembourg,Amours Mortes (Tant De Peine),4,8,Danièle Dupré
1957,Germany,"Telefon, Telefon",4,8,Margot Hielscher
1957,Italy,Corde Della Mia Chitarra,6,7,Nunzio Gallo
1957,United Kingdom,All,7,6,Patricia Bredin
1957,Belgium,Straatdeuntje,8,5,Bobbejaan Schoepen
1957,Switzerland,L'enfant Que J'étais,8,5,Lys Assia
1957,Austria,"Wohin, Kleines Pony",10,3,Bob Martin
1958,France,Dors Mon Amour,1,27,André Claveau
1958,Switzerland,Giorgio,2,24,Lys Assia
1958,Italy,Nel Blu Dipinto Di Blu,3,13,Domenico Modugno
1958,Sweden,Lilla Stjärna,4,10,Alice Babs
1958,Belgium,Ma Petite Chatte,5,8,Fud Leclerc
1958,Austria,Die Ganze Welt Braucht Liebe,5,8,Liane Augustin
1958,Germany,Für Zwei Groschen Musik,7,5,Margot Hielscher
1958,Denmark,Jeg Rev Et Blad Ud Af Min Dagbog,8,3,Raquel Rastenni
1958,Netherlands,Heel De Wereld,9,1,Corry Brokken
1958,Luxembourg,Un Grand Amour,9,1,Solange Berry
1959,Netherlands,Een Beetje,1,21,Teddy Scholten
1959,United Kingdom,Sing Little Birdie,2,16,Pearl Carr & Teddy Johnson
1959,France,"Oui, Oui, Oui, Oui",3,15,Jean Philippe
1959,Switzerland,Irgendwoher,4,14,Christa Williams
1959,Denmark,"Uh, Jeg Ville Ønske Jeg Var Dig",5,12,Birthe Wilke
1959,Italy,Piove,6,9,Domenico Modugno
1959,Belgium,Hou Toch Van Mij,6,9,Bob Benny
1959,Germany,Heut' Woll'n Wir Tanzen Geh'n,8,5,Alice and Ellen Kessler
1959,Sweden,Augustin,9,4,Brita Borg
1959,Austria,Der K. Und K. Kalypso Aus Wien,9,4,Ferry Graf
1959,Monaco,Mon Ami Pierrot,11,1,Jacques Pills
1960,France,Tom Pillibi,1,32,Jacqueline Boyer
1960,United Kingdom,"Looking High, High, High",2,25,Bryan Johnson
1960,Monaco,Ce Soir-là,3,15,François Deguelt
1960,Norway,Voi-voi,4,11,Nora Brockstedt
1960,Germany,"Bonne Nuit, Ma Chérie!",4,11,Wyn Hoop
1960,Belgium,Mon Amour Pour Toi,6,9,Fud Leclerc
1960,Austria,Du Hast Mich So Fasziniert,7,6,Harry Winter
1960,Switzerland,Cielo E Terra,8,5,Anita Traversi
1960,Italy,Romantica,8,5,Renato Rascel
1960,Sweden,Alla Andra Får Varann,10,4,Siw Malmkvist
1960,Denmark,Det Var En Yndig Tid,10,4,Katy Bødtger
1960,Netherlands,Wat Een Geluk,12,2,Rudi Carrell
1960,Luxembourg,So Laang We's Du Do Bast,13,1,Camillo Felgen
1961,Luxembourg,Nous Les Amoureux,1,31,Jean-Claude Pascal
1961,United Kingdom,Are You Sure?,2,24,The Allisons
1961,Switzerland,Nous Aurons Demain,3,16,Franca di Rienzo
1961,France,Printemps (avril Carillonne),4,13,Jean-Paul Mauric
1961,Denmark,Angelique,5,12,Dario Campeotto
1961,Italy,Al Di Là,5,12,Betty Curtis
1961,Norway,Sommer i Palma,7,10,Nora Brockstedt
1961,Yugoslavia,Neke Davne Zvezde,8,9,Ljiljana Petrović
1961,Spain,Estando Contigo,9,8,Conchita Bautista
1961,Monaco,"Allons, Allons Les Enfants",10,6,Colette Deréal
1961,Finland,Valoa Ikkunassa,10,6,Laila Kinnunen
1961,Netherlands,Wat Een Dag,10,6,Greetje Kauffeld
1961,Germany,Einmal Sehen Wir Uns Wieder,13,3,Lale Andersen
1961,Sweden,"April, April",14,2,Lill-Babs
1961,Austria,Sehnsucht,15,1,Jimmy Makulis
1961,Belgium,"September, Gouden Roos",15,1,Bob Benny
1962,France,Un Premier Amour,1,26,Isabelle Aubret
1962,Monaco,Dis Rien,2,13,François Deguelt
1962,Luxembourg,Petit Bonhomme,3,11,Camillo Felgen
1962,Yugoslavia,Ne Pali Svetlo U Sumrak,4,10,Lola Novaković
1962,United Kingdom,Ring-a-ding Girl,4,10,Ronnie Carroll
1962,Germany,Zwei Kleine Italiener,6,9,Conny Froboess
1962,Finland,Tipi-tii,7,4,Marion Rung
1962,Sweden,Sol Och Vår,7,4,Inger Berggren
1962,Italy,"Addio, Addio",9,3,Claudio Villa
1962,Denmark,Vuggevise,10,2,Ellen Winther
1962,Norway,"Kom Sol, Kom Regn",10,2,Inger Jacobsen
1962,Switzerland,Le Retour,10,2,Jean Philippe
1962,Belgium,Ton Nom,13,0,Fud Leclerc
1962,Spain,Llámame,13,0,Victor Balaguer
1962,Austria,Nur In Der Wiener Luft,13,0,Eleonore Schwarz
1962,Netherlands,Katinka,13,0,De Spelbrekers
1963,Denmark,Dansevise,1,42,Grethe & Jørgen Ingmann
1963,Switzerland,T'en Va Pas,2,40,Esther Ofarim
1963,Italy,Uno Per Tutte,3,37,Emilio Pericoli
1963,United Kingdom,Say Wonderful Things,4,28,Ronnie Carroll
1963,France,Elle était Si Jolie,5,25,Alain Barrière
1963,Monaco,L'amour S'en Va,5,25,Françoise Hardy
1963,Austria,Vielleicht Geschieht Ein Wunder,7,16,Carmela Corren
1963,Luxembourg,A Force De Prier,8,13,Nana Mouskouri
1963,Germany,Marcel,9,5,Heidi Brühl
1963,Belgium,Waarom,10,4,Jacques Raymond
1963,Yugoslavia,Brodovi,11,3,Vice Vukov
1963,Spain,Algo Prodigioso,12,2,José Guardiola
1963,Netherlands,Een Speeldoos,13,0,Annie Palmen
1963,Norway,Solhverv,13,0,Anita Thallaug
1963,Finland,Muistojeni Laulu,13,0,Laila Halme
1963,Sweden,En Gång I Stockholm,13,0,Monica Zetterlund
1964,Italy,Non Ho L'étà,1,49,Gigliola Cinquetti
1964,United Kingdom,I Love The Little Things,2,17,Matt Monro
1964,Monaco,Où Sont-elles Passées?,3,15,Romuald
1964,Luxembourg,Dès Que Le Printemps Revient,4,14,Hugues Aufray
1964,France,Le Chant De Mallory,4,14,Rachel
1964,Austria,"Warum Nur, Warum?",6,11,Udo Jürgens
1964,Finland,Laiskotellen,7,9,Lasse Mårtenson
1964,Norway,Spiral,8,6,Arne Bendiksen
1964,Denmark,Sangen Om Dig,9,4,Bjørn Tidmand
1964,Netherlands,Jij Bent Mijn Leven,10,2,Anneke Grönloh
1964,Belgium,Près De Ma Rivière,10,2,Robert Cogoi
1964,Spain,Caracola,12,1,"Tim, Nelly and Tony"
1964,Germany,Man Gewöhnt Sich So Schnell An Das Schöne,13,0,Nora Nova
1964,Portugal,Oração,13,0,António Calvário
1964,Yugoslavia,Život je sklopio krug,13,0,Sabahudin Kurt
1964,Switzerland,I Miei Pensieri,13,0,Anita Traversi
1965,Luxembourg,"Poupée De Cire, Poupée De Son",1,32,France Gall
1965,United Kingdom,I Belong,2,26,Kathy Kirby
1965,France,N'avoue Jamais,3,22,Guy Mardel
1965,Austria,"Sag Ihr, Ich Lass' Sie Grüßen",4,16,Udo Jürgens
1965,Italy,"Se Piangi, Se Ridi",5,15,Bobby Solo
1965,Ireland,I'm Walking The Streets In The Rain,6,11,Butch Moore
1965,Denmark,For Din Skyld,7,10,Birgit Brüel
1965,Switzerland,Non à Jamais Sans Toi,8,8,Yovanna
1965,Monaco,Va Dire à L'amour,9,7,Marjorie Noël
1965,Sweden,Absent Friend,10,6,Ingvar Wixell
1965,Netherlands,Het Is Genoeg,11,5,Conny Van den bos
1965,Yugoslavia,Ceznja,12,2,Vice Vukov
1965,Norway,Karusell,13,1,Kirsti Sparboe
1965,Portugal,Sol De Inverno,13,1,Simone de Oliviera
1965,Spain,"Qué Bueno, Qué Bueno",15,0,Conchita Bautista
1965,Germany,"Paradies, Wo Bist Du?",15,0,Ulla Wiesner
1965,Belgium,Als Het Weer Lente Is,15,0,Lize Marke
1965,Finland,Aurinko Laskee Länteen,15,0,Viktor Klimenko
1966,Austria,Merci Chérie,1,31,Udo Jürgens
1966,Sweden,Nygammal Vals,2,16,Lill Lindfors & Svante Thuresson
1966,Norway,Intet Er Nytt Under Solen,3,15,Åse Kleveland
1966,Belgium,"Un Peu De Poivre, Un Peu De Sel",4,14,Tonia
1966,Ireland,Come Back To Stay,4,14,Dickie Rock
1966,Switzerland,Ne Vois-tu Pas?,6,12,Madeleine Pascal
1966,Yugoslavia,Brez Besed,7,9,Berta Ambroz
1966,Spain,Yo Soy Aquél,7,9,Raphael
1966,United Kingdom,A Man Without Love,9,8,Kenneth McKellar
1966,Germany,Die Zeiger Der Uhr,10,7,Margot Eskens
1966,Luxembourg,Ce Soir Je T'attendais,10,7,Michèle Torr
1966,Finland,Play-boy,10,7,Ann-Christine Nyström
1966,Portugal,Ele E Ela,13,6,Madalena Iglesias
1966,Denmark,"Stop, Ja Stop - Ja Stop, Mens Legen Er Go",14,4,Ulla Pia
1966,Netherlands,Fernando En Philippo,15,2,Milly Scott
1966,France,Chez Nous,16,1,Dominique Walter
1966,Monaco,Bien Plus Fort,17,0,Tereza
1966,Italy,Dio Come Ti Amo,17,0,Domenico Modugno
1967,United Kingdom,Puppet On A String,1,47,Sandie Shaw
1967,Ireland,If I Could Choose,2,22,Sean Dunphy
1967,France,Il Doit Faire Beau Là-bas,3,20,Noëlle Cordier
1967,Luxembourg,L'amour Est Bleu,4,17,Vicky
1967,Monaco,Boum-badaboum,5,10,Minouche Barelli
1967,Spain,Hablemos Del Amor,6,9,Raphael
1967,Belgium,Ik Heb Zorgen,7,8,Louis Neefs
1967,Sweden,Som En Dröm,8,7,Östen Warnerbring
1967,Germany,Anouschka,8,7,Inge Brück
1967,Yugoslavia,Vse Rože Sveta,8,7,Lado Leskovar
1967,Italy,Non Andare Più Lontano,11,4,Claudio Villa
1967,Portugal,O Vento Mudou,12,3,Eduardo Nascimento
1967,Finland,Varjoon-suojaan,12,3,Fredi
1967,Netherlands,Ring-dinge,14,2,Thérèse Steinmetz
1967,Austria,Warum Es Hunderttausend Sterne Gibt,14,2,Peter Horten
1967,Norway,Dukkemann,14,2,Kirsti Sparboe
1967,Switzerland,Quel Cœur Vas-tu Briser?,17,0,Géraldine
1968,Spain,"La, La, La...",1,29,Massiel
1968,United Kingdom,Congratulations,2,28,Cliff Richard
1968,France,La Source,3,20,Isabelle Aubret
1968,Ireland,Chance Of A Lifetime,4,18,Pat McGeegan
1968,Sweden,"Det Börjar Verka Kärlek, Banne Mej",5,15,Claes-Göran Hederström
1968,Germany,Ein Hoch Der Liebe,6,11,Wencke Myhre
1968,Belgium,Quand Tu Reviendras,7,8,Claude Lombard
1968,Monaco,A Chacun Sa Chanson,7,8,Line & Willy
1968,Yugoslavia,Jedan Dan,7,8,Luci Kapurso & Hamo Hajdarhodzic
1968,Italy,Marianne,10,7,Sergio Endrigo
1968,Portugal,Verão,11,5,Carlos Mendes
1968,Luxembourg,Nous Vivrons D'amour,11,5,Chris Baldo & Sophie Garel
1968,Austria,Tausend Fenster,13,2,Karel Gott
1968,Switzerland,Guardando Il Sole,13,2,Gianni Mascolo
1968,Norway,Stress,13,2,Odd Børre
1968,Netherlands,Morgen,16,1,Ronnie Tober
1968,Finland,Kun Kello Käy,16,1,Kristina Hautala
1969,Spain,Vivo Cantando,1,18,Salomé
1969,United Kingdom,Boom Bang-a-bang,1,18,Lulu
1969,Netherlands,De Troubadour,1,18,Lenny Kuhr
1969,France,"Un Jour, Un Enfant",1,18,Frida Boccara
1969,Switzerland,"Bonjour, Bonjour",5,13,Paola del Medico
1969,Monaco,"Maman, Maman",6,11,Jean-Jacques
1969,Ireland,The Wages Of Love,7,10,Muriel Day and the Lindsays
1969,Belgium,Jennifer Jennings,7,10,Louis Neefs
1969,Sweden,"Judy, Min Vän",9,8,Tommy Körberg
1969,Germany,Primaballerina,9,8,Siw Malmkvist
1969,Luxembourg,Cathérine,11,7,Romuald
1969,Finland,Kuin Silloin Ennen,12,6,Jarkko and Laura
1969,Yugoslavia,Pozdrav Svijetu,13,5,Ivan & M's
1969,Italy,Due Grosse Lacrime Bianche,13,5,Iva Zanicchi
1969,Portugal,Desfolhada Portuguesa,15,4,Simone de Oliveira
1969,Norway,"Oj, Oj, Oj, Så Glad, Jeg Skal Bli",16,1,Kirsti Sparboe
1970,Ireland,All Kinds Of Everything,1,32,Dana
1970,United Kingdom,"Knock, Knock (who's there?)",2,26,Mary Hopkin
1970,Germany,Wunder Gibt Es Immer Wieder,3,12,Katja Ebstein
1970,Switzerland,Retour,4,8,Henri Dès
1970,France,Marie Blanche,4,8,Guy Bonnet
1970,Spain,Gwendolyne,4,8,Julio Iglesias
1970,Netherlands,Waterman,7,7,Patricia and Hearts of Soul
1970,Italy,Occhi Di Ragazza,8,5,Gianni Morandi
1970,Belgium,Viens L'oublier,8,5,Jean Vallée
1970,Monaco,Marlène,8,5,Dominique Dussault
1970,Yugoslavia,"Pridi, Dala Ti Bom Cvet",11,4,Eva Sršen
1970,Luxembourg,Je Suis Tombé Du Ciel,12,0,David-Alexandre Winter
1971,Monaco,"Un Banc, Un Arbre, Une Rue",1,128,Séverine
1971,Spain,En Un Mundo Nuevo,2,116,Karina
1971,Germany,Diese Welt,3,100,Katja Ebstein
1971,United Kingdom,Jack In The Box,4,98,Clodagh Rodgers
1971,Italy,L'amore è Un Attimo,5,91,Massimo Ranieri
1971,Sweden,Vita Vidder,6,85,Family Four
1971,Netherlands,De Tijd,6,85,Saskia and Serge
1971,Finland,Tie Uuteen Päivään,8,84,Markku Aro and Koivisto Sisters
1971,Portugal,Menina Do Alto Da Serra,9,83,Tonicha
1971,France,Un Jardin Sur La Terre,10,82,Serge Lama
1971,Ireland,One Day Love,11,79,Angela Farrell
1971,Switzerland,Les Illusions De Nos Vingt Ans,12,78,"Peter, Sue and Marc"
1971,Luxembourg,"Pomme, Pomme, Pomme",13,70,Monique Melsen
1971,Belgium,"Goeie Morgen, Morgen",14,68,Lily Castel and Jacques Raymond
1971,Yugoslavia,Tvoj Djecak Je Tuzan,14,68,Krunoslav Slabinac
1971,Austria,Musik,16,66,Marianne Mendt
1971,Norway,Lykken Er...,17,65,Hanne Krogh
1971,Malta,Marija L-Maltija,18,52,Joe Grech
1972,Luxembourg,Après Toi,1,128,Vicky Leandros
1972,United Kingdom,"Beg, Steal Or Borrow",2,114,The New Seekers
1972,Germany,Nur Die Liebe Läßt Uns Leben,3,107,Mary Roos
1972,Netherlands,Als Het Om De Liefde Gaat,4,106,Sandra and Andres
1972,Austria,Falter Im Wind,5,100,The Milestones
1972,Italy,I Giorni Dell' Arcobaleno,6,92,Nicola di Bari
1972,Portugal,A Festa Da Vida,7,90,Carlos Mendes
1972,Switzerland,C'est La Chanson De Mon Amour,8,88,Véronique Müller
1972,Yugoslavia,Muzika I Ti,9,87,Tereza
1972,Spain,Amanece,10,83,Jaime Morey
1972,France,Comé-comédie,11,81,Betty Mars
1972,Finland,Muistathan,12,78,Päivi Paunu and Kim Floor
1972,Sweden,Härliga Sommardag,13,75,Family Four
1972,Norway,Småting,14,73,Grethe Kausland & Benny Borg
1972,Ireland,Ceol On Ghrá,15,72,Sandie Jones
1972,Monaco,Comme On S'aime,16,65,Anne-Marie Godart and Peter MacLane
1972,Belgium,À La Folie Ou Pas Du Tout,17,55,Serge and Christine Ghisoland
1972,Malta,L-imħabba,18,48,Helen and Joseph
1973,Luxembourg,Tu Te Reconnaîtras,1,129,Anne-Marie David
1973,Spain,Eres Tú,2,125,Mocedades
1973,United Kingdom,Power To All Our Friends,3,123,Cliff Richard
1973,Israel,Ey-sham,4,97,Ilanit
1973,Sweden,You're Summer,5,94,The Nova and The Dolls
1973,Finland,Tom Tom Tom,6,93,Marion Rung
1973,Norway,It's Just A Game,7,89,Bendik Singers
1973,Germany,Junger Tag,8,85,Gitte
1973,Monaco,Un Train Qui Part,8,85,Marie
1973,Portugal,Tourada,10,80,Fernando Tordo
1973,Ireland,Do I Dream?,10,80,Maxi
1973,Switzerland,"Je Me Vais Marier, Marie",12,79,Patrick Juvet
1973,Italy,Chi Sarà Con Te,13,74,Massimo Ranieri
1973,Netherlands,De Oude Muzikant,14,69,Ben Cramer
1973,Yugoslavia,Gori Vatra,15,65,Zdravko Colic
1973,France,Sans Toi,15,65,Martine Clémenceau
1973,Belgium,"Baby, Baby",17,58,Nicole and Hugo
1974,Sweden,Waterloo,1,24,ABBA
1974,Italy,Si,2,18,Gigliola Cinquetti
1974,Netherlands,I See A Star,3,15,Mouth and MacNeal
1974,United Kingdom,Long Live Love,4,14,Olivia Newton-John
1974,Luxembourg,"Bye, Bye, I Love You",4,14,Ireen Sheer
1974,Monaco,Celui Qui Reste Et Celui Qui S'en Va,4,14,Romuald
1974,Israel,Natati La Khayay,7,11,Kaveret (Poogy)
1974,Ireland,Cross Your Heart,7,11,Tina
1974,Spain,Canta Y Se Feliz,9,10,Peret
1974,Belgium,Fleur De Liberté,9,10,Jacques Hustin
1974,Greece,"Krassi, Thalassa Ke T'agori Mou",11,7,Marinella
1974,Yugoslavia,Moja Generacija,12,6,Korni
1974,Finland,Äla Mene Pois (keep Me Warm),13,4,Carita
1974,Norway,The First Day Of Love,14,3,Anne-Karine Ström and the Bendik Singers
1974,Germany,Die Sommermelodie,14,3,Cindy und Bert
1974,Switzerland,Mein Ruf Nach Dir,14,3,Piera Martell
1974,Portugal,E Depois Do Adeus,14,3,Paulo de Carvalho
1975,Netherlands,Ding-A-Dong,1,152,Teach-In
1975,United Kingdom,Let Me Be The One,2,138,The Shadows
1975,Italy,Era,3,115,Wess & Dori Ghezzi
1975,France,Et Bonjour à Toi L'artiste,4,91,Nicole Rieu
1975,Luxembourg,Toi,5,84,Géraldine
1975,Switzerland,Mikado,6,77,Simone Drexel
1975,Finland,Old Man Fiddle,7,74,Pihasoittajat
1975,Sweden,"Jennie, Jennie",8,72,Lars Berghagen and the Dolls
1975,Ireland,That's What Friends Are For,9,68,The Swarbriggs
1975,Spain,Tú Volverás,10,53,Sergio & Estíbaliz
1975,Israel,At Va'Ani,11,40,Shlomo Artzi
1975,Malta,Singing This Song,12,32,Renato
1975,Yugoslavia,Dan Ljubezni,13,22,Pepel In Kri
1975,Monaco,Une Chanson C'est Une Lettre,13,22,Sophie
1975,Belgium,Gelukkig Zijn,15,17,Ann Christy
1975,Portugal,Madrugada,16,16,Duarte Mendes
1975,Germany,Ein Lied Kann Eine Brücke Sein,17,15,Joy Fleming
1975,Norway,You Touched My Life With Summer,18,11,Ellen Nikolaysen
1975,Turkey,Seninle Bir Dakika,19,3,Semiha Yanki
1976,United Kingdom,Save Your Kisses For Me,1,164,Brotherhood of Man
1976,France,"Un, Deux, Trois",2,147,Catherine Ferry
1976,Monaco,"Toi, La Musique Et Moi",3,93,Mary Christy
1976,Switzerland,"Djambo, Djambo",4,91,"Peter, Sue and Marc"
1976,Austria,My Little World,5,80,Waterloo and Robinson
1976,Israel,Emor Shalom,6,77,"Chocolate, Menta, Mastik"
1976,Italy,We'll Live It All Again,7,69,Romina and Al Bano
1976,Belgium,Judy Et Cie.,8,68,Pierre Rapsat
1976,Netherlands,The Party's Over Now,9,56,Sandra Reemer
1976,Ireland,When,10,54,Red Hurley
1976,Finland,Pump-pump,11,44,Fredi and The Friends
1976,Portugal,Uma Flor De Verde Pinho,12,24,Carlos do Carmo
1976,Greece,"Panaghia Mou, Panaghia Mou",13,20,Mariza Koch
1976,Luxembourg,Chansons Pour Ceux Qui S'aiment,14,17,Jürgen Marcus
1976,Germany,"Sing, Sang, Song",15,12,Les Humphries Singers
1976,Spain,Sobran Las Palabras,16,11,Braulio
1976,Yugoslavia,Ne Mogu Skriti Svoju Bol,17,10,Ambasadori
1976,Norway,Mata Hari,18,7,Anne-Karine Ström
1977,France,L'oiseau Et L'enfant,1,136,Marie Myriam
1977,United Kingdom,Rock Bottom,2,121,Lynsey de Paul and Mike Moran
1977,Ireland,It's Nice To Be In Love Again,3,119,The Swarbriggs Plus Two
1977,Monaco,Une Petite Française,4,96,Michèle Torr
1977,Greece,Mathima Solfez,5,92,"Pascalis, Marianna, Robert and Bessy"
1977,Switzerland,Swiss Lady,6,71,Pepe Lienhard Band
1977,Belgium,"A Million In One, Two, Three",7,69,Dream Express
1977,Germany,Telegram,8,55,Silver Convention
1977,Spain,Enseñame A Cantar,9,52,Micky
1977,Finland,Lapponia,10,50,Monica Aspelund
1977,Israel,Ah-haa-vah Hee Shir Lish-naa-yim,11,49,Ilanit
1977,Netherlands,De Mallemolen,12,35,Heddy Lester
1977,Italy,Liberà,13,33,Mia Martini
1977,Norway,Casanova,14,18,Anita Skorgan
1977,Portugal,Portugal No Coração,14,18,Os Amigos
1977,Luxembourg,Frère Jacques,16,17,Anne Marie B.
1977,Austria,Boom Boom Boomerang,17,11,Schmetterlinge
1977,Sweden,Beatles,18,2,Forbes
1978,Israel,A-Ba-Ni-Bi,1,157,Izhar Cohen and the Alphabeta
1978,Belgium,L'amour ça Fait Chanter La Vie,2,125,Jean Vallée
1978,France,Il Y Aura Toujours Des Violons,3,119,Joël Prévost
1978,Monaco,Les Jardins De Monaco,4,107,Caline and Olivier Toussaint
1978,Ireland,Born To Sing,5,86,Colm T. Wilkinson
1978,Germany,Feuer,6,84,Ireen Sheer
1978,Luxembourg,Parlez-vous Français?,7,73,Baccara
1978,Greece,Charlie Chaplin,8,66,Tania Tsanaklidou
1978,Spain,Bailemos Un Vals,9,65,José Vélez
1978,Switzerland,Vivre,9,65,Carole Vinci
1978,United Kingdom,The Bad Old Days,11,61,Co-Co
1978,Italy,Questo Amore,12,53,Ricchi e Poveri
1978,Netherlands,'t Is Ok,13,37,Harmony
1978,Sweden,Det Blir Alltid Värre Framåt Natten,14,26,Björn Skifs
1978,Austria,Mrs. Caroline Robinson,15,14,Springtime
1978,Denmark,Boom Boom,16,13,Mabel
1978,Portugal,Dai-li-dou,17,5,Gemini
1978,Finland,Anna Rakkaudelle Tilaisuus,18,2,Seija Simola
1978,Turkey,Sevince,18,2,Nazar
1978,Norway,Mil Etter Mil,20,0,Jahn Teigen
1979,Israel,Hallelujah,1,125,Milk and Honey
1979,Spain,Su Canción,2,116,Betty Missiego
1979,France,Je Suis L'enfant-soleil,3,106,Anne-Marie David
1979,Ireland,Happy Man,5,80,Cathal Dunne
1979,Denmark,Disco Tango,6,76,Tommy Seebach
1979,United Kingdom,Mary Ann,7,73,Black Lace
1979,Greece,Socrati,8,69,Elpida
1979,Portugal,"Sobe, Sobe, Balão Sobe",9,64,Manuela Bravo
1979,Switzerland,Trödler Und Co.,10,60,"Peter, Sue and Marc and Pfuri, Gorps and Kniri"
1979,Norway,Oliver,11,57,Anita Skorgan
1979,Netherlands,Colorado,12,51,Xandra
1979,Luxembourg,J'ai Déjà Vu ça Dans Tes Yeux,13,44,Jeane Manson
1979,Finland,Katson Sineen Taivaan,14,38,Katri-Helena
1979,Italy,Raggio Di Luna,15,27,Matia Bazar
1979,Monaco,"Notre Vie, C'est La Musique",16,12,Laurent Vaguener
1979,Sweden,Satellit,17,8,Ted Gärdestad
1979,Belgium,Hey Nana,18,5,Micha Marah
1979,Austria,Heute In Jerusalem,18,5,Christina Simon
1980,Ireland,What's Another Year,1,143,Johnny Logan
1980,Germany,Theater,2,128,Katja Ebstein
1980,United Kingdom,Love Enough For Two,3,106,Prima Donna
1980,Switzerland,Cinéma,4,104,Paola
1980,Netherlands,Amsterdam,5,93,Maggie MacNeal
1980,Italy,Non So Che Darei,6,87,Alan Sorrenti
1980,Portugal,"Um Grande, Grande Amor",7,71,José Cid
1980,Austria,Du Bist Musik,8,64,Blue Danube
1980,Luxembourg,Papa Pingouin,9,56,Sophie and Magaly
1980,Sweden,Just Nu!,10,47,Tomas Ledin
1980,France,"Hé, Hé M'sieurs Dames",11,45,Profil
1980,Spain,Quédate Esta Noche,12,38,Trigo Limpio
1980,Greece,Otostop,13,30,Anna Vissi and the Epikouri
1980,Denmark,Tænker Altid På Dig,14,25,Bamses Venner
1980,Turkey,Petr'oil,15,23,Ajda Pekkan
1980,Norway,Sámiid Ædnan,16,15,Sverre Kjellsberg & Mattis Hætta
1980,Belgium,Euro-vision,17,14,Telex
1980,Morocco,Bitakat Hob,18,7,Samira Bensaïd
1980,Finland,Huilumies,19,6,Vesa-Matti Loiri
1981,United Kingdom,Making Your Mind Up,1,136,Bucks Fizz
1981,Germany,Johnny Blue,2,132,Lena Valaitis
1981,France,Humanahum,3,125,Jean Gabilou
1981,Switzerland,Io Senza Tei,4,121,"Peter, Sue and Marc"
1981,Ireland,Horoscopes,5,105,Sheeba
1981,Cyprus,Monika,6,69,Island
1981,Israel,Halaylah,7,56,Habibi
1981,Greece,Feggari Kalokerino,8,55,Yiannis Dimitras
1981,Netherlands,Het Is Een Wonder,9,51,Linda Williams
1981,Sweden,Fångad I En Dröm,10,50,Björn Skifs
1981,Luxembourg,C'est Peut-être Pas L'Amérique,11,41,Jean-Claude Pascal
1981,Denmark,Krøller Eller Ej,11,41,Debbie Cameron and Tommy Seebach
1981,Belgium,Samson,13,40,Emly Starr
1981,Spain,Y Solo Tú,14,38,Bacchelli
1981,Yugoslavia,Leila,15,35,Seid-Memic Vajta
1981,Finland,Reggae O.k.,16,27,Riki Sorsa
1981,Austria,Wenn Du Da Bist,17,20,Marty Brem
1981,Turkey,Dönme Dolap,18,9,Modern Folk Trio and Aysegül
1981,Portugal,Play-back,18,9,Carlos Paião
1981,Norway,Aldri i Livet,20,0,Finn Kalvik
1982,Germany,Ein Bißchen Frieden,1,161,Nicole
1982,Israel,Hora,2,100,Avi Toledano
1982,Switzerland,Amour On T'aime,3,97,Arlette Zola
1982,Belgium,Si Tu Aimes Ma Musique,4,96,Stella
1982,Cyprus,Mono I Agapi,5,85,Anna Vissi
1982,Luxembourg,Cour Apres Le Temps,6,78,Svetlana
1982,United Kingdom,One Step Further,7,76,Bardo
1982,Sweden,Dag Efter Dag,8,67,Chips
1982,Austria,Sonntag,9,57,Mess
1982,Spain,Él,10,52,Lucía
1982,Ireland,"Here Today, Gone Tomorrow",11,49,The Duskeys
1982,Norway,Adieu,12,40,Jahn Teigen & Anita Skorgan
1982,Portugal,Bem-bom,13,32,Doce
1982,Yugoslavia,Halo Halo,14,21,Aska
1982,Turkey,Hani,15,20,Neço
1982,Netherlands,Jij En Ik,16,8,Bill van Dijk
1982,Denmark,Video-video,17,5,Brixx
1982,Finland,Nuku Pommiin,18,0,Kojo
1983,Luxembourg,Si La Vie Est Cadeau,1,142,Corinne Hermès
1983,Israel,Hi,2,136,Ofra Haza
1983,Sweden,Främling,3,126,Carola Häggkvist
1983,Yugoslavia,Dzuli,4,125,Danijel
1983,Germany,Rücksicht,5,94,Hoffmann und Hoffmann
1983,United Kingdom,I'm Never Giving Up,6,79,Sweet Dreams
1983,Netherlands,Sing Me A Song,7,66,Bernadette
1983,France,Vivre,8,56,Guy Bonnet
1983,Norway,Do Re Mi,9,53,Jahn Teigen
1983,Austria,Hurricane,9,53,Westend
1983,Italy,Per Lucia,11,41,Riccardo Fogli
1983,Finland,Fantasiaa,11,41,Ami Aspelund
1983,Portugal,Esta Balada Que Te Dou,13,33,Armando Gama
1983,Greece,Mou Les,14,32,Christie Stassinopoulou
1983,Switzerland,Io Così Non Ci Sto,15,28,Mariella Farré
1983,Cyprus,I Agapi Akoma Zi,16,26,Stavros and Constantina
1983,Denmark,Kloden Drejer,17,16,Gry Johansen
1983,Belgium,Rendez-vous,18,13,Pas de Deux
1983,Turkey,Opera,19,0,Çetin Alp and the Short Wave
1983,Spain,¿Quién Maneja Mi Barca?,19,0,Remedios Amaya
1984,Sweden,Diggi-loo Diggy-ley,1,145,Herrey's
1984,Ireland,Terminal '3',2,137,Linda Martin
1984,Spain,"Lady, Lady",3,106,Bravo
1984,Denmark,Det' Lige Det,4,101,Hot Eyes
1984,Belgium,Avanti La Vie,5,70,Jacques Zegers
1984,Italy,I Treni Di Tozeur,5,70,Alice and Battiato
1984,United Kingdom,Love Games,7,63,Belle and the Devotions
1984,France,Autant D'amoureux Que D'étoiles,8,61,Annick Thoumazeau
1984,Finland,Hengaillaan,9,46,Kirka
1984,Luxembourg,100% D'amour,10,39,Sophie Carle
1984,Portugal,Silêncio E Tanta Gente,11,38,Maria Guinot
1984,Turkey,Halay,12,37,"Bes Yil Önce, On Yil Sonra"
1984,Netherlands,Ik Hou Van Jou,13,34,Maribelle
1984,Germany,Aufrecht Geh'n,13,34,Mary Roos
1984,Cyprus,Anna Maria Lena,15,31,Andy Paul
1984,Switzerland,Welche Farbe Hat Der Sonnenschein,16,30,Rainy Day
1984,Norway,Lenge Leve Livet,17,29,Dollie de Luxe
1984,Yugoslavia,Ciao Amore,18,26,Vlado and Isolda
1984,Austria,Einfach Weg,19,5,Anita
1985,Norway,La Det Swinge,1,123,Bobbysocks
1985,Germany,Für Alle,2,105,Wind
1985,Sweden,Bra Vibrationer,3,103,Kikki Danielsson
1985,United Kingdom,Love Is...,4,100,Vikki
1985,Israel,Olé Olé,5,93,Izhar Cohen
1985,Ireland,Wait Until The Weekend Comes,6,91,Maria Christian
1985,Italy,"Magic, Oh Magic",7,78,Al Bano and Romina Power
1985,Austria,Kinder Dieser Welt,8,60,Gary Lux
1985,Finland,Eläköön Elämä,9,58,Sonja Lumme
1985,France,Femme Dans Ses Rêves Aussi,10,56,Roger Bens
1985,Denmark,Sku' Du Spør Fra No'n,11,41,Hot Eyes
1985,Switzerland,Piano Piano,12,39,Mariella Farré and Pino Gasparini
1985,Luxembourg,"Children, Kinder, Enfants",13,37,"Margo, Franck, Diane, Ireen, Malcolm & Chris"
1985,Spain,La Fiesta Terminó,14,36,Paloma San Basilio
1985,Turkey,Di Dai Di Dai Dai (Aşık oldum),14,36,MFÖ
1985,Cyprus,To Katalava Arga,16,15,Lia Vishy
1985,Greece,Miazoume,16,15,Takis Biniaris
1985,Portugal,"Penso Em Ti, Eu Sei",18,9,Adelaïde
1985,Belgium,Laat Me Nu Gaan,19,7,Linda Lepomme
1986,Belgium,J'aime La Vie,1,176,Sandra Kim
1986,Switzerland,Pas Pour Moi,2,140,Daniela Simons
1986,Luxembourg,L'amour De Ma Vie,3,117,Sherisse Laurence
1986,Ireland,You Can Count On Me,4,96,Luv Bug
1986,Sweden,E' De' Det Här Du Kallar Kärlek,5,78,Lasse Holm & Monica Törnell
1986,Denmark,Du Er Fuld Af Løgn,6,77,Lise Haavik and Trax
1986,United Kingdom,Runner In The Night,7,72,Ryder
1986,Germany,Über Die Brücke Geh'n,8,62,Ingrid Peters
1986,Turkey,Halley,9,53,Klips ve Onlar
1986,Spain,Valentino,10,51,Cadillac
1986,Yugoslavia,Željo Moja,11,49,Doris Dragović
1986,Norway,Romeo,12,44,Ketil Stokkan
1986,Netherlands,Alles Heeft Ritme,13,40,Frizzle Sizzle
1986,Portugal,Não Sejas Mau Para Mim,14,28,Dora
1986,Finland,Päivä Kahden Ihmisen,15,22,Kari Kuivalainen
1986,Iceland,Gleðibankinn,16,19,Icy
1986,France,Européennes,17,13,Cocktail Chic
1986,Austria,Die Zeit Ist Einsam,18,12,Timna Brauer
1986,Israel,Yavoh Yom,19,7,Moti Galadi and Sarai Tzuriel
1986,Cyprus,Tora Zo,20,4,Elpida
1987,Ireland,Hold Me Now,1,172,Johnny Logan
1987,Germany,Laß Die Sonne In Dein Herz,2,141,Wind
1987,Italy,Gente Di Mare,3,103,Umberto Tozzi and Raf
1987,Yugoslavia,Ja Sam Za Ples,4,92,Novi Fosili
1987,Netherlands,Rechtop In De Wind,5,83,Marcha
1987,Denmark,En Lille Melodi,5,83,Anne-Cathrine Herdorf
1987,Cyprus,Aspro Mavro,7,80,Alexia
1987,Israel,Shir Habatlanim,8,73,Datner and Kushnir
1987,Norway,Mitt Liv,9,65,Kate Gulbrandsen
1987,Greece,Stop!,10,64,Bang
1987,Belgium,Soldiers Of Love,11,56,Liliane Saint-Pierre
1987,Sweden,Boogaloo,12,50,Lotta Engberg
1987,United Kingdom,Only The Light,13,47,Rikki
1987,France,Les Mots D'amour N'ont Pas De Dimanche,14,44,Christine Minier
1987,Finland,Sata Salamaa,15,32,Vicky Rosti
1987,Iceland,Hægt Og Hljótt,16,28,Halla Margarét
1987,Switzerland,Moitié Moitié,17,26,Carole Rich
1987,Portugal,Neste Barco à Vela,18,15,Nevada
1987,Spain,No Estás Solo,19,10,Patricia Kraus
1987,Austria,Nur Noch Gefühl,20,8,Gary Lux
1987,Luxembourg,Amour Amour,21,4,Plastic Bertrand
1987,Turkey,Şarkım sevgi üstüne,22,0,Seyyal Tanner & Lokomotif
1988,Switzerland,Ne Partez Pas Sans Moi,1,137,Céline Dion
1988,United Kingdom,Go,2,136,Scott Fitzgerald
1988,Denmark,Ka' Du Se Hva' Jeg Sa',3,92,Kirsten & Søren
1988,Luxembourg,Croire,4,90,Lara Fabian
1988,Norway,For Vår Jord,5,88,Karoline Krüger
1988,Yugoslavia,Mangup,6,87,Srebrna Krila
1988,Israel,Ben Adam,7,85,Yardena Arazi
1988,Ireland,Take Him Home,8,79,Jump the Gun
1988,Netherlands,Shangri-la,9,70,Gerard Joling
1988,France,Chanteur De Charme,10,64,Gérard Lenorman
1988,Spain,La Chica Que Yo Quiero (made In Spain),11,58,La Década
1988,Sweden,Stad I Ljus,12,52,Tommy Körberg
1988,Italy,Ti Scrivo,12,52,Luca Barbarossa
1988,Germany,Lied Für Einen Freund,14,48,Maxi and Chris Garden
1988,Turkey,Sufi,15,37,MFÖ
1988,Iceland,Sókrates,16,20,Beathoven
1988,Greece,Kloun,17,10,Aphroditi Fryda
1988,Belgium,Laissez Briller Le Soleil,18,5,Reynaert
1988,Portugal,Voltarei,18,5,Dora
1988,Finland,Nauravat Silmät Muistetaan,20,3,Boulevard
1988,Austria,Lisa Mona Lisa,21,0,Wilfried
1989,Yugoslavia,Rock Me,1,137,Riva
1989,United Kingdom,Why Do I Always Get It Wrong,2,130,Live Report
1989,Denmark,Vi Maler Byen Rød,3,111,Birthe Kjær
1989,Sweden,En Dag,4,110,Tommy Nilsson
1989,Austria,Nur Ein Lied,5,97,Thomas Forstner
1989,Spain,Nacida Para Amar,6,88,Nina
1989,Finland,La Dolce Vita,7,76,Anneli Saaristo
1989,France,J'ai Volé La Vie,8,60,Nathalie Pâque
1989,Italy,Avrei Voluto,9,56,Anna Oxa and Fausto Leali
1989,Greece,To Diko Sou Asteri,9,56,Marianna
1989,Cyprus,Apopse As Vrethoume,11,51,Fanny Polymeri and Yiannis Savvidakis
1989,Israel,Derech Ha'melech,12,50,Gili & Galit
1989,Switzerland,Viver Senza Tei,13,47,Furbaz
1989,Germany,Flieger,14,46,Nino de Angelo
1989,Netherlands,Blijf Zoals Je Bent,15,45,Justine Pelmelay
1989,Portugal,Conquistador,16,39,Da Vinci
1989,Norway,Venners Nærhet,17,30,Britt Synnøve Johansen
1989,Ireland,The Real Me,18,21,Kiev Connolly and the Missing Passengers
1989,Belgium,Door De Wind,19,13,Ingeborg
1989,Luxembourg,Monsieur,20,8,Park Café
1989,Turkey,Bana Bana,21,5,Pan
1989,Iceland,Það Sem Enginn Sér,22,0,Daníel Augúst Haraldsson
1990,Italy,Insieme: 1992,1,149,Toto Cutugno
1990,France,White And Black Blues,2,132,Joelle Ursull
1990,Ireland,Somewhere In Europe,2,132,Liam Reilly
1990,Iceland,Eitt Lag Enn,4,124,Stjórnin
1990,Spain,Bandido,5,96,Azúcar Moreno
1990,United Kingdom,Give A Little Love Back To The World,6,87,Emma
1990,Yugoslavia,Hajde Da Ludujemo,7,81,Tajci
1990,Denmark,Hallo Hallo,8,64,Lonnie Devantier
1990,Germany,Frei Zu Leben,9,60,Chris Kempers and Daniel Kovac
1990,Austria,Keine Mauern Mehr,10,58,Simone
1990,Switzerland,Musik Klingt In Die Welt Hinaus,11,51,Egon Egemann
1990,Belgium,Macédomienne,12,46,Philippe Lafontaine
1990,Luxembourg,Quand Je Te Rêve,13,38,Céline Carzo
1990,Cyprus,Milas Poli,14,36,Haris Anastasiou
1990,Netherlands,Ik Wil Alles Met Je Delen,15,25,Maywood
1990,Sweden,Som En Vind,16,24,Edin-Ådahl
1990,Turkey,Gözlerinin Hapsindeyim,17,21,Kayahan
1990,Israel,Shara Barechovot,18,16,Rita
1990,Greece,Horis Skopo,19,11,Christos Callow and Wave
1990,Portugal,Há Sempre Alguém,20,9,Nucha
1990,Norway,Brandenburger Tor,21,8,Ketil Stokkan
1990,Finland,Fri?,21,8,Beat
1991,Sweden,Fångad Av En Stormvind,1,146,Carola
1991,France,C'est Le Dernier Qui A Parlé Qui A Raison,2,146,Amina
1991,Israel,Kan,3,139,Duo Datz
1991,Spain,Bailar Pegados,4,119,Sergio Dalma
1991,Switzerland,Canzone Per Te,5,118,Sandra Simò
1991,Malta,Could It Be,6,106,Paul Giordimaina and Georgina
1991,Italy,Comme E' Ddoce 'o Mare,7,89,Peppino di Capri
1991,Portugal,Lusitana Paixão,8,62,Dulce
1991,Cyprus,S.O.S.,9,60,Elena Patroclou
1991,Ireland,Could It Be That I'm In Love,10,47,Kim Jackson
1991,United Kingdom,A Message To Your Heart,10,47,Samantha Janus
1991,Turkey,Iki Dakika,12,44,"Izel Çeliköz, Rayhan Soykarçi and Can Ugurluér"
1991,Greece,I Anixi,13,36,Sofia Vossou
1991,Luxembourg,Un Baiser Volé,14,29,Sarah Bray
1991,Iceland,Nina,15,26,Stefán and Eyfi
1991,Belgium,Geef Het Op,16,23,Clouseau
1991,Norway,Mrs. Thompson,17,14,Just 4 Fun
1991,Germany,Dieser Traum Darf Niemals Sterben,18,10,Atlantis 2000
1991,Denmark,Lige Der Hvor Hjertet Slår,19,8,Anders Frandsen
1991,Finland,Hullu Yö,20,6,Kaija
1991,Yugoslavia,Brazil,21,1,Baby Doll
1991,Austria,Venedig Im Regen,22,0,Thomas Forstner
1992,Ireland,Why Me,1,155,Linda Martin
1992,United Kingdom,One Step Out Of Time,2,139,Michael Ball
1992,Malta,Little Child,3,123,Mary Spiteri
1992,Italy,Rapsodia,4,111,Mia Martini
1992,Greece,Olou Tou Kosmou tin Elpida,5,94,Cleopatra
1992,Israel,Ze Rak Sport,6,85,Dafna
1992,Iceland,Nei Eða Já,7,80,Heart 2 Heart
1992,France,Monté La Riviè,8,73,Kali
1992,Netherlands,Wijs Me De Weg,9,67,Humphrey Campbell
1992,Austria,Zusammen Geh'n,10,63,Tony Wegas
1992,Cyprus,Teriazoume,11,57,Evridiki
1992,Denmark,Alt Det Som Ingen Ser,12,47,Kenny & Lotte
1992,Yugoslavia,Ljubim Te Pesmama,13,44,Extra Nena
1992,Spain,Todo Esto Es La Música,14,37,Serafin
1992,Switzerland,Mister Music Man,15,32,Daisy Auvray
1992,Germany,Träume Sind Für Alle Da,16,27,Wind
1992,Portugal,Amor D'água Fresca,17,26,Diná
1992,Norway,Visjoner,18,23,Merethe Trøan
1992,Turkey,Yaz Bitti,19,17,Aylin Vatankos
1992,Belgium,Nous On Veut Des Violons,20,11,Morgane
1992,Luxembourg,Sou Fräi,21,10,Marion Welter and Kontinent
1992,Sweden,I Morgon är En Annan Dag,22,9,Christer Björkman
1992,Finland,Yamma Yamma,23,4,Pave
1993,Ireland,In Your Eyes,1,187,Niamh Kavanagh
1993,United Kingdom,Better The Devil You Know,2,164,Sonia
1993,Switzerland,"Moi, Tout Simplement",3,148,Annie Cotton
1993,France,Mama Corsica,4,121,Patrick Fiori
1993,Norway,Alle Mine Tankar,5,120,Silje Vige
1993,Netherlands,Vrede,6,92,Ruth Jacott
1993,Sweden,Eloïse,7,89,Arvingarna
1993,Malta,This Time,8,69,William Mangion
1993,Greece,"Ellada, Hora Tou Fotos",9,64,Kaiti Garbi
1993,Portugal,A Cidade Até Ser Dia,10,60,Anabela
1993,Spain,Hombres,11,58,Eva Santamaria
1993,Italy,Sole D'europa,12,45,Enrico Ruggeri
1993,Iceland,þá Veistu Svarið,13,42,Inga
1993,Austria,Maria Magdalena,14,32,Tony Wegas
1993,Croatia,Don't Ever Cry,15,31,Put
1993,Bosnia & Herzegovina,Sva Bol Svijeta,16,27,Fazla
1993,Finland,Tule Luo,17,20,Katri-Helena
1993,Germany,Viel Zu Weit,18,18,Münchener Freiheit
1993,Cyprus,Mi Stamatas,19,17,Kyriakos Zymboulakis & Demos Van Beke
1993,Luxembourg,Donne-moi Une Chance,20,11,Modern Times
1993,Turkey,Esmer Yarim,21,10,"Burak Aydos, Öztürk Baybora & Serter"
1993,Denmark,Under Stjernerne På Himlen,22,9,Tommy Seebach Band
1993,Slovenia,Tih Dezeven Dan,22,9,1X Band
1993,Israel,Shiru,24,4,Lakahat Shiru
1993,Belgium,Iemand Als Jij,25,3,Barbara
1994,Ireland,Rock 'n' Roll Kids,1,226,Paul Harrington & Charlie McGettigan
1994,Poland,To Nie Ja!,2,166,Edyta Górniak
1994,Germany,Wir Geben 'ne Party,3,128,MeKaDo
1994,Hungary,Kinek Mondjam El Vétkeimet,4,122,Friderika Bayer
1994,Malta,More Than Love,5,97,Moira Stafrace and Christopher Scicluna
1994,Norway,Duett,6,76,Elisabeth Andreasson & Jan Werner Danielsen
1994,France,Je Suis Un Vrai Garçon,7,74,Nina Morato
1994,Portugal,Chamar A Música,8,73,Sara Tavares
1994,Russia,Vechni Stranik,9,70,Youddiph
1994,United Kingdom,We Will Be Free (lonely Symphony),10,63,Frances Ruffelle
1994,Cyprus,Ime Anthropos Ke Ego,11,51,Evridiki
1994,Iceland,Nætur,12,49,Sigga
1994,Sweden,Stjärnorna,13,48,Marie Bergman and Roger Pontare
1994,Greece,To Trehantiri,14,44,Costas Bigalis and the Sea Lovers
1994,Bosnia & Herzegovina,Ostani Kraj Mene,15,39,Alma and Dejan
1994,Croatia,Nek'ti Bude Ljubav Sva,16,27,Tony Cetinski
1994,Austria,Für Den Frieden Der Welt,17,19,Petra Frey
1994,Spain,Ella No Es Ella,18,17,Alejandro Abad
1994,Switzerland,Sto Pregando,19,15,Duilio
1994,Slovakia,Nekovecná Piesen,19,15,Martin Durinda and Tublatanka
1994,Romania,Dincolo De Nori,21,14,Dan Bittman
1994,Finland,Bye Bye Baby,22,11,CatCat
1994,Netherlands,Waar Is De Zon,23,4,Willeke Alberti
1994,Estonia,Nagu Merelaine,24,2,Silvi Vrait
1994,Lithuania,Lopšinė mylimai,25,0,Ovidijus Vyšniauskas
1995,Norway,Nocturne,1,148,Secret Garden
1995,Spain,Vuelve Conmigo,2,119,Anabel Conde
1995,Sweden,Se På Mej,3,100,Jan Johansen
1995,France,Il Me Donne Rendez-vous,4,94,Nathalie Santamaria
1995,Denmark,Fra Mols Til Skagen,5,92,Aud Wilken
1995,Croatia,Nostalgija,6,91,Magazin and Lidija
1995,Slovenia,Prisluhni Mi,7,84,Darja Svajger
1995,Israel,Amen,8,81,Liora
1995,Cyprus,Sti Fotia,9,79,Alexandros Panayi
1995,Malta,Keep Me In Mind,10,76,Mike Spiteri
1995,Greece,Pia Prosefhi,12,68,Elina Constantopoulou
1995,Austria,Die Welt Dreht Sich Verkehrt,13,67,Stella Jones
1995,Ireland,Dreamin',14,44,Eddie Friel
1995,Iceland,Núna,15,31,Bó Halldórsson
1995,Turkey,Sev!,16,21,Arzu Ece
1995,Russia,Kolybelnaya Dlya Vulkana,17,17,Philipp Kirkorov
1995,Poland,Sama,18,15,Justyna
1995,Bosnia & Herzegovina,Dvadeset I Prvi Vijek,19,14,Davor Popovic
1995,Belgium,La Voix Est Libre,20,8,Frédéric Etherlinck
1995,Portugal,Baunilha E Chocolate,21,5,Tó Cruz
1995,Hungary,Ùj Nèv Egy Règi Hàz Fàlan,22,3,Czaba Szigeti
1995,Germany,Verliebt In Dich,23,1,Stone and Stone
1996,Ireland,The Voice,1,162,Eimear Quinn
1996,Norway,I Evighet,2,114,Elisabeth Andreasson
1996,Sweden,Den Vilda,3,100,One More Time
1996,Croatia,Sveta Ljubav,4,98,Maja Blagdan
1996,Estonia,Kaelakee Hääl,5,94,Ivo Linna and Maarja-Liis Ilus
1996,Portugal,O Meu Coração Não Tem Cor,6,92,Lúcia Moniz
1996,Netherlands,De Eerste Keer,7,78,Maxine & Franklin Brown
1996,United Kingdom,Ooh...Aah...Just A Little Bit,8,77,Gina G
1996,Cyprus,Mono Gia Mas,9,72,Constantinos
1996,Malta,In A Woman's Heart,10,68,Miriam Christine
1996,Austria,Weil's Dr Guat Got,10,68,George Nußbaumer
1996,Turkey,Besinçi Mevsim,12,57,Şebnem Paker
1996,Iceland,Sjúbídú,13,51,Anna Mjöll
1996,Greece,Emis Forame To Himona Anixiatika,14,36,Marianna Efstratiou
1996,Poland,Chce Znac Swój Grzech,15,31,Kasia Kowalska
1996,Switzerland,Mon Coeur L'aime,16,22,Cathy Leander
1996,Belgium,Liefde Is Een Kaartspel,16,22,Lisa del Bo
1996,Slovakia,Kým Nás Máš,18,19,Marcel Palonder
1996,France,Diwanit Bugale,19,18,Dan Ar Braz et l'Héritage des Celtes
1996,Spain,"¡Ay, Qué Deseo!",20,17,Antonio Carbonell
1996,Slovenia,Dan najlepših sanj,21,16,Regina
1996,Bosnia & Herzegovina,Za Našu Ljubav,22,13,Amila Glamocak
1996,Finland,Niin Kaunis On Taivas,23,9,Jasmine
1997,United Kingdom,Love Shine A Light,1,227,Katrina and The Waves
1997,Ireland,Mysterious Woman,2,157,Marc Roberts
1997,Turkey,Dinle,3,121,Sebnem Paker and Group Etnic
1997,Italy,Fiumi Di Parole,4,114,Jalisse
1997,Cyprus,Mana Mou,5,98,Chara and Andreas Konstantinou
1997,Spain,Sin Rencor,6,96,Marcos Llunas
1997,France,Sentiments Songes,7,95,Fanny
1997,Estonia,Keelatud Maa,8,82,Maarja-Liis Ilus
1997,Malta,Let Me Fly,9,66,Debbie Scerri
1997,Slovenia,Zbudi Se,10,60,Tanja Ribič
1997,Poland,Ale Jestem,11,54,Anna Maria Jopek
1997,Greece,Horepse,12,39,Marianna Zorba
1997,Hungary,"Miert Kell, Hogy Elmenj?",12,39,VIP
1997,Sweden,Bara Hon älskar Mig,14,36,Blond
1997,Russia,Primadonna,15,33,Alla Pugachova
1997,Denmark,Stemmen I Mit Liv,16,25,Kølig Kaj
1997,Croatia,Probudi Me,17,24,ENI
1997,Germany,Zeit,18,22,Bianca Shomburg
1997,Bosnia & Herzegovina,Goodbye,18,22,Alma Cardzic
1997,Iceland,Minn Hinsti Dans,20,18,Paul Oscar
1997,Austria,One Step,21,12,Bettina Soriat
1997,Switzerland,Dentro Di Me,22,5,Barbara Berta
1997,Netherlands,Niemand Heeft Nog Tijd,22,5,Mrs. Einstein
1997,Norway,San Francisco,24,0,Tor Endresen
1997,Portugal,Antes Do Adeus,24,0,Célia Lawson
1998,Israel,Diva,1,172,Dana International
1998,United Kingdom,Where Are You?,2,166,Imaani
1998,Malta,The One That I Love,3,165,Chiara
1998,Netherlands,Hemel En Aarde,4,150,Edsilia Rombley
1998,Croatia,Neka Mi Ne Svane,5,131,Danijela
1998,Belgium,Dis Oui,6,122,Mélanie Cohl
1998,Germany,Guildo Hat Euch Lieb,7,86,Guildo Horn
1998,Norway,Alltid Sommer,8,79,Lars A. Fredriksen
1998,Ireland,Is Always Over Now?,9,64,Dawn
1998,Sweden,Kärleken är,10,53,Jill Johnson
1998,Cyprus,Genesis,11,37,Michael Hajiyanni
1998,Portugal,Se Eu Te Pudesse Abraçar,12,36,Alma Lusa
1998,Estonia,Mere Lapsed,12,36,Koit Toome
1998,Turkey,Unutamazsin,14,25,Tüzmen
1998,Finland,Aava,15,22,Edea
1998,Spain,¿Qué Voy A Hacer Sin Ti?,16,21,Mikel Herzog
1998,Poland,To Takie Proste,17,19,Sixteen
1998,Slovenia,Naj Bogovi Sliijo,18,17,Vili Resnik
1998,North Macedonia,"Ne Zori, Zoro",19,16,Vlado Janevski
1998,Greece,Mia Krifi Evaisthissia,20,12,Dionysia and Thalassa group
1998,Slovakia,Modlitba,21,8,Katarína Hasprová
1998,Romania,Eu Cred,22,6,Malina Olinescu
1998,Hungary,A Holnap Már Ném Lesz Szomorú,23,4,Charlie
1998,France,Où Aller,24,3,Marie-Line
1998,Switzerland,Lass Ihn,25,0,Gunvor
1999,Sweden,Take Me To Your Heaven,1,163,Charlotte Nilsson
1999,Iceland,All Out Of Luck,2,146,Selma Björnsdóttir
1999,Germany,Reise Nach Jerusalem - Kudüs'e Seyahat,3,140,Sürpriz
1999,Croatia,Marija Magdalena,4,118,Doris Dragović
1999,Israel,Yom Huledeth,5,93,Eden
1999,Estonia,Diamond Of Night,6,90,Evelin Samuel and Camille
1999,Bosnia & Herzegovina,Putnici,7,86,Dino and Beatrice
1999,Denmark,This Time (i Mean It),8,71,Trine Jepsen & Michael Teschl
1999,Netherlands,One Good Reason,8,71,Marlayne
1999,Austria,Reflection,10,65,Bobbie Singer
1999,Slovenia,For A Thousand Years,11,50,Darja Svajger
1999,Belgium,Like The Wind,12,38,Venessa Chinitor
1999,United Kingdom,Say It Again,12,38,Precious
1999,Norway,Living My Life Without You,14,35,Stig André Van Eijk
1999,Malta,Believe 'n Peace,15,32,Times 3
1999,Turkey,Dön Artik,16,21,Tuba Önal & Grup Mystik
1999,Ireland,When You Need Me,17,18,The Mullan's
1999,Poland,Przytul Mnie Mocno,18,17,Mietek Szczesniak
1999,France,Je Veux Donner Ma Voix,19,14,Nayah
1999,Lithuania,Strazdas,20,13,Aiste Smilgeviciute
1999,Portugal,Como Tudo Começou,21,12,Rui Bandeira
1999,Cyprus,Tha'nai Erotas,22,2,Marlain Angelidou
1999,Spain,No Quiero Escuchar,23,1,Lydia
2000,Denmark,Fly On The Wings Of Love,1,195,Olsen brothers
2000,Russia,Solo,2,155,Alsou
2000,Latvia,My Star,3,136,BrainStorm
2000,Estonia,Once In A Lifetime,4,98,Ines
2000,Germany,Wadde Hadde Dudde Da,5,96,Stefan Raab
2000,Ireland,Millennium Of Love,6,92,Eamonn Toal
2000,Sweden,When Spirits Are Calling My Name,7,88,Roger Pontare
2000,Malta,Desire,8,73,Claudette Pace
2000,Croatia,Kada Zaspu Andeli,9,70,Goran Karan
2000,Turkey,Yorgunum Anla,10,59,Pinar Ayhan & S.O.S. band
2000,Norway,My Heart Goes Boom,11,57,Charmed
2000,Iceland,Tell Me!,12,45,August & Telma
2000,Netherlands,No Goodbyes,13,40,Linda Wagenmakers
2000,Austria,All To You,14,34,The rounder girls
2000,North Macedonia,100% Te Ljubam,15,29,XXL
2000,United Kingdom,Don't Play That Song Again,16,28,Nicki French
2000,Romania,The Moon,17,25,Taxi
2000,Spain,Colgado De Un Sueño,18,18,Serafín Zubiri
2000,Finland,A Little Bit,18,18,Nina Åström
2000,Switzerland,La Vita Cos'è?,20,14,Jane Bogaert
2000,Cyprus,Nomiza,21,8,Voice
2000,Israel,Sa'me'akh,22,7,Ping Pong
2000,France,On Aura Le Ciel,23,5,Sofia Mestari
2000,Belgium,Envie De Vivre,24,2,Nathalie Sorce
2001,Estonia,Everybody,1,198,"Tanel Padar, Dave Benton & 2XL"
2001,Denmark,Never Ever Let You Go,2,177,Rollo & King
2001,Greece,Die For You,3,147,Antique
2001,France,Je N'ai Que Mon âme,4,142,Natasha Saint-Pier
2001,Sweden,Listen To Your Heartbeat,5,100,Friends
2001,Spain,Dile Que La Quiero,6,76,David Civera
2001,Slovenia,Energy,7,70,Nua Derenda
2001,Germany,Wer Liebe Lebt,8,66,Michelle
2001,Malta,Another Summer Night,9,48,Fabrizio Faniello
2001,Croatia,Strings Of My Heart,10,42,Vanna
2001,Turkey,Sevgiliye Son,11,41,Sedat Yüce
2001,Russia,Lady Alpine Blue,12,37,Mumiy troll
2001,Lithuania,You Got Style,13,35,Skamp
2001,Bosnia & Herzegovina,Hano,14,29,Nino
2001,United Kingdom,No Dream Impossible,15,28,Lindsay D.
2001,Israel,Ein Davar,16,25,Tal Sondak
2001,Portugal,Só Sei Ser Feliz Assim,17,18,MTM
2001,Netherlands,Out On My Own,18,16,Michelle
2001,Latvia,Too Much,18,16,Arnis Mednis
2001,Poland,2 Long,20,11,Piasek
2001,Ireland,Without Your Love,21,6,Gary O'Shaughnessy
2001,Iceland,Angel,22,3,TwoTricky
2001,Norway,On My Own,22,3,Haldor Lægreid
2002,Latvia,I Wanna,1,176,Marie N
2002,Malta,7th Wonder,2,164,Ira Losco
2002,United Kingdom,Come Back,3,111,Jessica Garlick
2002,Estonia,Runaway,3,111,Sahléne
2002,France,Il Faut Du Temps,5,104,Sandrine François
2002,Cyprus,Gimme,6,85,One
2002,Spain,Europe's Living A Celebration,7,81,Rosa
2002,Sweden,Never Let It Go,8,72,Afro-dite
2002,Romania,Tell Me Why,9,71,Monica Anghel & Marcel Pavel
2002,Russia,Northern Girl,10,55,Prime minister
2002,Croatia,Everything I Want,11,44,Vesna Pisarovic
2002,Israel,Light A Candle,12,37,Sarit Hadad
2002,Bosnia & Herzegovina,Na Jastuku Za Dvoje,13,33,Maja
2002,Belgium,Sister,13,33,Sergio & the Ladies
2002,Slovenia,Samo Ljubezen,13,33,Sestre
2002,Turkey,Leylaklar Soldu Kalbinde,16,29,Buket Bengisu & Saphire
2002,Greece,S.A.G.A.P.O.,17,27,Michalis Rakintzis
2002,Austria,Say A Word,18,26,Manuel Ortega
2002,North Macedonia,Od Nas Zavisi,19,25,Karolina
2002,Finland,Addicted To You,20,24,Laura
2002,Germany,I Can't Live Without Music,21,17,Corinna May
2002,Switzerland,Dans Le Jardin De Mon Âme,22,15,Francine Jordi
2002,Lithuania,Happy You,23,12,Aivaras
2002,Denmark,Tell Me Who You Are,24,7,Malene
2003,Turkey,Everyway That I Can,1,167,Sertab Erener
2003,Belgium,Sanomi,2,165,Urban Trad
2003,Russia,"Ne Ver, Ne Boisia",3,164,t.A.T.u.
2003,Norway,I'm Not Afraid To Move On,4,123,Jostein Hasselgård
2003,Sweden,Give Me Your Love,5,107,Fame
2003,Austria,Weil Der Mensch Zählt,6,101,Alf Poier
2003,Poland,Keine Grenzen - Zadnych Granic,7,90,Ich Troje
2003,Iceland,Open Your Heart,8,81,Birgitta
2003,Spain,Dime,8,81,Beth
2003,Romania,Dont Break My Heart,10,73,Nicola
2003,Ireland,We've Got The World,11,53,Mickey Harte
2003,Germany,Lets Get Happy,11,53,Lou
2003,Netherlands,One More Night,13,45,Esther Hart
2003,Ukraine,Hasta La Vista,14,30,Olexandr
2003,Croatia,Vie Nisam Tvoja,15,29,Claudia Beni
2003,Bosnia & Herzegovina,Ne Brini,16,27,Mija Martina
2003,Greece,Never Let You Go,17,25,Mando
2003,France,Monts Et Merveilles,18,19,Louisa Baileche
2003,Israel,Words For Love,19,17,Lior Narkis
2003,Cyprus,Feeling Alive,20,15,Stelios Constantas
2003,Estonia,Eighties Coming Back,21,14,Ruffus
2003,Portugal,Deixa-me Sonhar,22,13,Rita Guerra
2003,Slovenia,Nanana,23,7,Karmen
2003,Latvia,Hello From Mars,24,5,F.L.Y.
2003,Malta,To Dream Again,25,4,Lynn Chirchop
2003,United Kingdom,Cry Baby,26,0,Jemini
2004,Ukraine,Wild Dances,1,280,Ruslana
2004,Serbia & Montenegro,Lane Moje,2,263,Željko Joksimović
2004,Greece,Shake It,3,252,Sakis Rouvas
2004,Turkey,For Real,4,195,Athena
2004,Cyprus,Stronger Every Minute,5,170,Lisa Andreas
2004,Sweden,It Hurts,5,170,Lena Philipsson
2004,Albania,The Image Of You,7,106,Anjeza Shahini
2004,Germany,Can't Wait Until Tonight,8,93,Max
2004,Bosnia & Herzegovina,In The Disco,9,91,Deen
2004,Spain,Para Llenarme De Ti,10,87,Ramón
2004,Russia,Believe Me,11,67,Julia Savicheva
2004,Malta,On Again... Off Again,12,50,Julie & Ludwig
2004,Croatia,You Are The Only One,12,50,Ivan Mikulic
2004,North Macedonia,Life,14,47,Tose Proeski
2004,France,A Chaque Pas,15,40,Jonatan Cerrada
2004,United Kingdom,Hold On To Our Love,16,29,James Fox
2004,Poland,Love Song,17,27,Blue Cafe
2004,Romania,I Admit,18,18,Sanda Ladosi
2004,Iceland,Heaven,19,16,Jónsi
2004,Netherlands,Without You,20,11,Re-union
2004,Austria,Du Bist,21,9,Tie Break
2004,Belgium,1 Life,22,7,Xandee
2004,Ireland,If My World Stopped Turning,22,7,Chris Doran
2004,Norway,High,24,3,Knut Anders Sørum
2005,Greece,My Number One,1,230,Helena Paparizou
2005,Malta,Angel,2,192,Chiara
2005,Romania,Let Me Try,3,158,Luminita Anghel & Sistem
2005,Israel,Hasheket Shenish'ar,4,154,Shiri Maymon
2005,Latvia,The War Is Not Over,5,153,Walter & Kazha
2005,Moldova,Boonika Bate Doba,6,148,Zdob şi Zdub
2005,Serbia & Montenegro,Zauvijek Moja,7,137,No Name
2005,Switzerland,Cool Vibes,8,128,Vanilla Ninja
2005,Norway,In My Dreams,9,125,Wig Wam
2005,Denmark,Talking To You,9,125,Jakob Sveistrup
2005,Croatia,Vukovi Umiru Sami,11,115,Boris Novkovic feat. Lado members
2005,Hungary,Forogj Világ,12,97,NOX
2005,Turkey,Rimi Rimi Ley,13,92,Gülseren
2005,Bosnia & Herzegovina,Call Me,14,79,Feminnem
2005,Russia,Nobody Hurt No One,15,57,Natalia Podolskaya
2005,Albania,Tomorrow I Go,16,53,Ledina Celo
2005,North Macedonia,Make My Day,17,52,Martin Vucic
2005,Cyprus,Ela Ela,18,46,Constantinos Christoforou
2005,Sweden,Las Vegas,19,30,Martin Stenmarck
2005,Ukraine,Razom Nas Bahato,19,30,Greenjolly
2005,Spain,Brujería,21,28,Son de sol
2005,United Kingdom,Touch My Fire,22,18,Javine
2005,France,Chacun Pense à Soi,23,11,Ortal
2005,Germany,Run & Hide,24,4,Gracia
2006,Finland,Hard Rock Hallelujah,1,292,Lordi
2006,Russia,Never Let You Go,2,248,Dima Bilan
2006,Bosnia & Herzegovina,Lejla,3,229,Hari Mata Hari
2006,Romania,Tornero,4,172,Mihai Traistariu
2006,Sweden,Invincible,5,170,Carola
2006,Lithuania,We Are The Winners,6,162,LT United
2006,Ukraine,Show Me Your Love,7,145,Tina Karol
2006,Armenia,Without Your Love,8,129,André
2006,Greece,Everything,9,128,Anna Vissi
2006,Ireland,Every Song Is A Cry For Love,10,93,Brian Kennedy
2006,Turkey,Superstar,11,91,Sibel Tüzün
2006,North Macedonia,Ninanajna,12,56,Elena Risteska
2006,Croatia,Moja tikla,12,56,Severina
2006,Norway,Alvedansen,14,36,Christine Guldbrandsen
2006,Germany,"No, No, Never",14,36,Texas Lightning
2006,Switzerland,If We All Give A Little,16,30,Six4One
2006,Latvia,I Hear Your Heart,16,30,Cosmos
2006,Denmark,Twist Of Love,18,26,Sidsel Ben Semmane
2006,United Kingdom,Teenage Life,19,25,Daz Sampson
2006,Moldova,Loca,20,22,Arsenium & Natalia Gordienko
2006,Spain,Bloody Mary,21,18,Las Ketchup
2006,France,Il était Temps,22,5,Virginie Pouchin
2006,Israel,Ze Hazman,23,4,Eddie Butler
2006,Malta,I Do,24,1,Fabrizio Faniello
2007,Serbia,Molitva,1,268,Marija Šerifović
2007,Ukraine,Dancing Lasha Tumbai,2,235,Verka Serduchka
2007,Russia,Song # 1,3,207,Serebro
2007,Turkey,Shake It Up Shekerim,4,163,Kenan Dogulu
2007,Bulgaria,Water,5,157,Elitsa Todorova & Stoyan Yankulov
2007,Belarus,Work Your Magic,6,145,Dmitry Koldun
2007,Greece,Yassou Maria,7,139,Sarbel
2007,Armenia,Anytime You Need,8,138,Hayko
2007,Hungary,Unsubstantial Blues,9,128,Magdi Rúzsa
2007,Moldova,Fight,10,109,Natalia Barbu
2007,Bosnia & Herzegovina,Rijeka Bez Imena,11,106,Marija Sestic
2007,Georgia,Visionary Dream,12,97,Sopho
2007,Romania,"Liubi, Liubi, I Love You",13,84,Todomondo
2007,North Macedonia,Mojot Svet,14,73,Karolina
2007,Slovenia,Cvet Z Juga,15,66,Alenka Gotar
2007,Latvia,Questa Notte,16,54,Bonaparti.lv
2007,Finland,Leave Me Alone,17,53,Hanna Pakarinen
2007,Sweden,The Worrying Kind,18,51,The Ark
2007,Germany,Frauen Regieren Die Welt,19,49,Roger Cicero
2007,Spain,I Love You Mi Vida,20,43,NASH
2007,Lithuania,Love Or Leave,21,28,4Fun
2007,France,L'amour à La Française,22,19,Les Fatals Picards
2007,United Kingdom,Flying The Flag (for You),22,19,Scooch
2007,Ireland,They Can't Stop The Spring,24,5,Dervish
2008,Russia,Believe,1,272,Dima Bilan
2008,Ukraine,Shady Lady,2,230,Ani Lorak
2008,Greece,Secret Combination,3,218,Kalomira
2008,Armenia,"Qele, Qele",4,199,Sirusho
2008,Norway,Hold On Be Strong,5,182,Maria
2008,Serbia,Oro,6,160,Jelena Tomašević feat. Bora Dugic
2008,Turkey,Deli,7,138,Mor ve Ötesi
2008,Azerbaijan,Day After Day,8,132,Elnur & Samir
2008,Israel,The Fire In Your Eyes,9,124,Boaz
2008,Bosnia & Herzegovina,Pokušaj,10,110,Laka
2008,Georgia,Peace Will Come,11,83,Diana Gurtskaya
2008,Latvia,Wolves Of The Sea,12,83,Pirates Of The Sea
2008,Portugal,Senhora Do Mar (Negras Águas),13,69,Vânia Fernandes
2008,Iceland,This Is My Life,14,64,Euroband
2008,Denmark,All Night Long,15,60,Simon Mathew
2008,Spain,Baila El Chiki Chiki,16,55,Rodolfo Chikilicuatre
2008,Albania,Zemrën E Lamë Peng,17,55,Olta Boka
2008,Sweden,Hero,18,47,Charlotte Perrelli
2008,France,Divine,19,47,Sébastien Tellier
2008,Romania,Pe-o Margine De Lume,20,45,Nico & Vlad
2008,Croatia,Romanca,21,44,Kraljevi Ulice & 75 Cents
2008,Finland,Missä Miehet Ratsastaa,22,35,Teräsbetoni
2008,Germany,Disappear,23,14,No Angels
2008,Poland,For Life,24,14,Isis Gee
2008,United Kingdom,Even If,25,14,Andy Abraham
2009,Norway,Fairytale,1,387,Alexander Rybak
2009,Iceland,Is It True?,2,218,Yohanna
2009,Azerbaijan,Always,3,207,AySel & Arash
2009,Turkey,Düm Tek Tek,4,177,Hadise
2009,United Kingdom,It's My Time,5,173,Jade Ewen
2009,Estonia,Rändajad,6,129,Urban Symphony
2009,Greece,This Is Our Night,7,120,Sakis Rouvas
2009,France,Et S'il Fallait Le Faire,8,107,Patricia Kaas
2009,Bosnia & Herzegovina,Bistra Voda,9,106,Regina
2009,Armenia,Jan Jan,10,92,Inga & Anush
2009,Russia,Mamo,11,91,Anastasia Prikhodko
2009,Ukraine,Be my Valentine! (Anti-crisis Girl),12,76,Svetlana Loboda
2009,Denmark,Believe Again,13,74,Brinck
2009,Moldova,Hora Din Moldova,14,69,Nelly Ciobanu
2009,Portugal,Todas As Ruas Do Amor,15,57,Flor-de-lis
2009,Israel,There Must Be Another Way,16,53,Noa & Mira Awad
2009,Albania,Carry Me In Your Dreams,17,48,Kejsi Tola
2009,Croatia,Lijepa Tena,18,45,Igor Cukrov feat. Andrea
2009,Romania,The Balkan Girls,19,40,Elena
2009,Germany,Miss Kiss Kiss Bang,20,35,Alex Swings Oscar Sings!
2009,Sweden,La Voix,21,33,Malena Ernman
2009,Malta,What If We,22,31,Chiara
2009,Lithuania,Love,23,23,Sasha Son
2009,Spain,La Noche Es Para Mí (The Night Is For Me),24,23,Soraya
2009,Finland,Lose Control,25,22,Waldo's People
2010,Germany,Satellite,1,246,Lena
2010,Turkey,We Could Be The Same,2,170,maNga
2010,Romania,Playing With Fire,3,162,Paula Seling & Ovi
2010,Denmark,In A Moment Like This,4,149,Chanée & N'evergreen
2010,Azerbaijan,Drip Drop,5,145,Safura
2010,Belgium,Me And My Guitar,6,143,Tom Dice
2010,Armenia,Apricot Stone,7,141,Eva Rivas
2010,Greece,OPA,8,140,Giorgos Alkaios & Friends
2010,Georgia,Shine,9,136,Sofia Nizharadze
2010,Ukraine,Sweet People,10,108,Alyosha
2010,Russia,Lost And Forgotten,11,90,Peter Nalitch & Friends
2010,France,Allez Olla Olé,12,82,Jessy Matador
2010,Serbia,Ovo Je Balkan,13,72,Milan Stanković
2010,Israel,Milim,14,71,Harel Skaat
2010,Spain,Algo Pequeñito,15,68,Daniel Diges
2010,Albania,It's All About You,16,62,Juliana Pasha
2010,Bosnia & Herzegovina,Thunder and Lightning,17,51,Vukašin Brajić
2010,Portugal,Há Dias Assim,18,43,Filipa Azevedo
2010,Iceland,Je Ne Sais Quoi,19,41,Hera Björk
2010,Norway,My Heart Is Yours,20,35,Didrik Solli-Tangen
2010,Cyprus,Life Looks Better In Spring,21,27,Jon Lilygreen & The Islanders
2010,Moldova,Run Away,22,27,Sunstroke Project & Olia Tira
2010,Ireland,It's For You,23,25,Niamh Kavanagh
2010,Belarus,Butterflies,24,18,3+2
2010,United Kingdom,That Sounds Good To Me,25,10,Josh
2011,Azerbaijan,Running Scared,1,221,Ell/Nikki
2011,Italy,Madness Of Love,2,189,Raphael Gualazzi
2011,Sweden,Popular,3,185,Eric Saade
2011,Ukraine,Angel,4,159,Mika Newton
2011,Denmark,New Tomorrow,5,134,A Friend In London
2011,Bosnia & Herzegovina,Love In Rewind,6,125,Dino Merlin
2011,Greece,Watch My Dance,7,120,Loucas Yiorkas feat. Stereo Mike
2011,Ireland,Lipstick,8,119,Jedward
2011,Georgia,One More Day,9,110,Eldrine
2011,Germany,Taken By A Stranger,10,107,Lena
2011,United Kingdom,I Can,11,100,Blue
2011,Moldova,So Lucky,12,97,Zdob și Zdub
2011,Slovenia,No One,13,96,Maja Keuc
2011,Serbia,Čaroban,14,85,Nina
2011,France,Sognu,15,82,Amaury Vassili
2011,Russia,Get You,16,77,Alexej Vorobjov
2011,Romania,Change,17,77,Hotel FM
2011,Austria,The Secret Is Love,18,64,Nadine Beiler
2011,Lithuania,C'est Ma Vie,19,63,Evelina Sašenko
2011,Iceland,Coming Home,20,61,Sjonni's Friends
2011,Finland,Da Da Dam,21,57,Paradise Oskar
2011,Hungary,What About My Dreams?,22,53,Kati Wolf
2011,Spain,Que Me Quiten Lo Bailao,23,50,Lucía Pérez
2011,Estonia,Rockefeller Street,24,44,Getter Jaani
2011,Switzerland,In Love For A While,25,19,Anna Rossinelli
2012,Sweden,Euphoria,1,372,Loreen
2012,Russia,Party For Everybody,2,259,Buranovskiye Babushki
2012,Serbia,Nije Ljubav Stvar,3,214,Željko Joksimović
2012,Azerbaijan,When The Music Dies,4,150,Sabina Babayeva
2012,Albania,Suus,5,146,Rona Nishliu
2012,Estonia,Kuula,6,120,Ott Lepland
2012,Turkey,Love Me Back,7,112,Can Bonomo
2012,Germany,Standing Still,8,110,Roman Lob
2012,Italy,L'Amore È Femmina (Out Of Love),9,101,Nina Zilli
2012,Spain,Quédate Conmigo,10,97,Pastora Soler
2012,Moldova,Lăutar,11,81,Pasha Parfeny
2012,Romania,Zaleilah,12,71,Mandinga
2012,North Macedonia,Crno I Belo,13,71,Kaliopi
2012,Lithuania,Love Is Blind,14,70,Donny Montell
2012,Ukraine,Be My Guest,15,65,Gaitana
2012,Cyprus,La La Love,16,65,Ivi Adamou
2012,Greece,Aphrodisiac,17,64,Eleftheria Eleftheriou
2012,Bosnia & Herzegovina,Korake Ti Znam,18,55,Maya Sar
2012,Ireland,Waterline,19,46,Jedward
2012,Iceland,Never Forget,20,46,Greta Salóme & Jónsi
2012,Malta,This Is The Night,21,41,Kurt Calleja
2012,France,Echo (You And I),22,21,Anggun
2012,Denmark,Should've Known Better,23,21,Soluna Samay
2012,Hungary,Sound Of Our Hearts,24,19,Compact Disco
2012,United Kingdom,Love Will Set You Free,25,12,Engelbert Humperdinck
2012,Norway,Stay,26,7,Tooji
2013,Denmark,Only Teardrops,1,281,Emmelie de Forest
2013,Azerbaijan,Hold Me,2,234,Farid Mammadov
2013,Ukraine,Gravity,3,214,Zlata Ognevich
2013,Norway,I Feed You My Love,4,191,Margaret Berger
2013,Russia,What If,5,174,Dina Garipova
2013,Greece,Alcohol Is Free,6,152,Koza Mostra feat. Agathon Iakovidis
2013,Italy,L'Essenziale,7,126,Marco Mengoni
2013,Malta,Tomorrow,8,120,Gianluca
2013,Netherlands,Birds,9,114,Anouk
2013,Hungary,Kedvesem,10,84,ByeAlex
2013,Moldova,O Mie,11,71,Aliona Moon
2013,Belgium,Love Kills,12,71,Roberto Bellarosa
2013,Romania,It's My Life,13,65,Cezar
2013,Sweden,You,14,62,Robin Stjernberg
2013,Georgia,Waterfall,15,50,Nodi Tatishvili & Sophie Gelovani
2013,Belarus,Solayoh,16,48,Alyona Lanskaya
2013,Iceland,Ég Á Líf,17,47,Eythor Ingi
2013,Armenia,Lonely Planet,18,41,Dorians
2013,United Kingdom,Believe In Me,19,23,Bonnie Tyler
2013,Estonia,Et Uus Saaks Alguse,20,19,Birgit
2013,Germany,Glorious,21,18,Cascada
2013,Lithuania,Something,22,17,Andrius Pojavis
2013,France,L'enfer Et Moi,23,14,Amandine Bourgeois
2013,Finland,Marry Me,24,13,Krista Siegfrids
2013,Spain,Contigo Hasta El Final (With You Until The End),25,8,ESDM
2013,Ireland,Only Love Survives,26,5,Ryan Dolan
2014,Austria,Rise Like a Phoenix,1,290,Conchita Wurst
2014,Netherlands,Calm After The Storm,2,238,The Common Linnets
2014,Sweden,Undo,3,218,Sanna Nielsen
2014,Armenia,Not Alone,4,174,Aram MP3
2014,Hungary,Running,5,143,András Kállay-Saunders
2014,Ukraine,Tick - Tock,6,113,Mariya Yaremchuk
2014,Russia,Shine,7,89,Tolmachevy Sisters
2014,Norway,Silent Storm,8,88,Carl Espen
2014,Denmark,Cliche Love Song,9,74,Basim
2014,Spain,Dancing in the rain,10,74,Ruth Lorenzo
2014,Finland,Something Better,11,72,Softengine
2014,Romania,Miracle,12,72,Paula Seling & OVI
2014,Switzerland,Hunter Of Stars,13,64,Sebalter
2014,Poland,My Słowianie - We Are Slavic,14,62,Donatan & Cleo
2014,Iceland,No Prejudice,15,58,Pollapönk
2014,Belarus,Cheesecake,16,43,Teo
2014,United Kingdom,Children of the Universe,17,40,Molly
2014,Germany,Is It Right,18,39,Elaiza
2014,Montenegro,Moj Svijet,19,37,Sergej Ćetković
2014,Greece,Rise Up,20,35,Freaky Fortune feat. RiskyKidd
2014,Italy,La Mia Città,21,33,Emma
2014,Azerbaijan,Start A Fire,22,33,Dilara Kazimova
2014,Malta,Coming Home,23,32,Firelight
2014,San Marino,Maybe (Forse),24,14,Valentina Monetta
2014,Slovenia,Round and Round,25,9,Tinkara Kovač
2014,France,Moustache,26,2,TWIN TWIN
2015,Sweden,Heroes,1,365,Måns Zelmerlöw
2015,Russia,A Million Voices,2,303,Polina Gagarina
2015,Italy,Grande Amore,3,292,Il Volo
2015,Belgium,Rhythm Inside,4,217,Loïc Nottet
2015,Australia,Tonight Again,5,196,Guy Sebastian
2015,Latvia,Love Injected,6,186,Aminata Savadogo
2015,Estonia,Goodbye to Yesterday,7,106,Elina Born & Stig Rästa
2015,Norway,A Monster Like Me,8,102,Mørland & Debrah Scarlett
2015,Israel,Golden Boy,9,97,Nadav Guedj
2015,Serbia,Beauty Never Lies,10,53,Bojana Stamenov
2015,Georgia,Warrior,11,51,Nina Sublatti
2015,Azerbaijan,Hour Of The Wolf,12,49,Elnur Hüseynov
2015,Montenegro,Adio,13,44,Knez
2015,Slovenia,Here for You,14,39,Maraaya
2015,Romania,De La Capăt / All Over Again,15,35,Voltaj
2015,Armenia,Face The Shadow,16,34,Genealogy
2015,Albania,I'm Alive,17,34,Elhaida Dani
2015,Lithuania,This Time,18,30,Monika & Vaidas
2015,Greece,One Last Breath,19,23,Maria Elena Kyriakou
2015,Hungary,Wars For Nothing,20,19,Boggie
2015,Spain,Amanecer,21,15,Edurne
2015,Cyprus,One Thing I Should Have Done,22,11,John Karayiannis
2015,Poland,In The Name Of Love,23,10,Monika Kuszyńska
2015,United Kingdom,Still in Love with You,24,5,Electro Velvet
2015,France,N’oubliez pas,25,4,Lisa Angell
2015,Austria,I Am Yours,26,0,The Makemakes
2015,Germany,Black Smoke,27,0,Ann Sophie
2016,Ukraine,1944,1,534,Jamala
2016,Australia,Sound of Silence,2,511,Dami Im
2016,Russia,You Are the Only One,3,491,Sergey Lazarev
2016,Bulgaria,If Love Was a Crime,4,307,Poli Genova
2016,Sweden,If I Were Sorry,5,261,Frans
2016,France,J'ai Cherché,6,257,Amir
2016,Armenia,LoveWave,7,249,Iveta Mukuchyan
2016,Poland,Color of Your Life,8,229,Michał Szpak
2016,Lithuania,I've Been Waiting for This Night,9,200,Donny Montell
2016,Belgium,What's the Pressure,10,181,Laura Tesoro
2016,Netherlands,Slow Down,11,153,Douwe Bob
2016,Malta,Walk on Water,12,153,Ira Losco
2016,Austria,Loin d'ici,13,151,Zoë
2016,Israel,Made of Stars,14,135,Hovi Star
2016,Latvia,Heartbeat,15,132,Justs
2016,Italy,No Degree of Separation,16,124,Francesca Michielin
2016,Azerbaijan,Miracle,17,117,Samra
2016,Serbia,Goodbye (Shelter),18,115,Sanja Vučić ZAA
2016,Hungary,Pioneer,19,108,Freddie
2016,Georgia,Midnight Gold,20,104,Nika Kocharov & Young Georgian Lolitaz
2016,Cyprus,Alter Ego,21,96,Minus One
2016,Spain,Say Yay!,22,77,Barei
2016,Croatia,Lighthouse,23,73,Nina Kraljić
2016,United Kingdom,You're Not Alone,24,62,Joe & Jake
2016,Czech Republic,I Stand,25,41,Gabriela Gunčíková
2016,Germany,Ghost,26,11,Jamie-Lee Kriewitz
2017,Portugal,Amar Pelos Dois,1,758,Salvador Sobral
2017,Bulgaria,Beautiful Mess,2,615,Kristian Kostov
2017,Moldova,Hey Mamma,3,374,Sunstroke Project
2017,Belgium,City Lights,4,363,Blanche
2017,Sweden,I Can't Go On,5,344,Robin Bengtsson
2017,Italy,Occidentali's Karma,6,334,Francesco Gabbani
2017,Romania,Yodel It!,7,282,Ilinca feat. Alex Florea
2017,Hungary,Origo,8,200,Joci Pápai
2017,Australia,Don't Come Easy,9,173,Isaiah Firebrace
2017,Norway,Grab the Moment,10,158,Jowst
2017,Netherlands,Lights And Shadows,11,150,OG3NE
2017,France,Requiem,12,135,Alma
2017,Croatia,My Friend,13,128,Jacques Houdek
2017,Azerbaijan,Skeletons,14,120,Dihaj
2017,United Kingdom,Never Give Up on You,15,111,Lucie Jones
2017,Austria,Running On Air,16,93,Nathan Trent
2017,Belarus,Historyja Majho Zyccia,17,83,Naviband
2017,Armenia,Fly With Me,18,79,Artsvik
2017,Greece,This is Love,19,77,Demy
2017,Denmark,Where I Am,20,77,Anja
2017,Cyprus,Gravity,21,68,Hovig
2017,Poland,Flashlight,22,64,Kasia Moś
2017,Israel,I Feel Alive,23,39,Imri Ziv
2017,Ukraine,Time,24,36,O.Torvald
2017,Germany,Perfect Life,25,6,Levina
2017,Spain,Do It for Your Lover,26,5,Manel Navarro
2018,Israel,Toy,1,529,Netta Barzilai
2018,Cyprus,Fuego,2,436,Eleni Foureira
2018,Austria,Nobody But You,3,342,Cesár Sampson
2018,Germany,You Let Me Walk Alone,4,340,Michael Schulte
2018,Italy,Non Mi Avete Fatto Niente,5,308,Ermal Meta & Fabrizio Moro
2018,Czech Republic,Lie To Me,6,281,Mikolas Josef
2018,Sweden,Dance You Off,7,274,Benjamin Ingrosso
2018,Estonia,La Forza,8,245,Elina Nechayeva
2018,Denmark,Higher Ground,9,226,Rasmussen
2018,Moldova,My Lucky Day,10,209,DoReDos
2018,Albania,Mall,11,184,Eugent Bushpepa
2018,Lithuania,When We're Old,12,181,Ieva Zasimauskaitė
2018,France,Mercy,13,173,Madame Monsieur
2018,Bulgaria,Bones,14,166,Equinox
2018,Norway,That's How You Write a Song,15,144,Alexander Rybak
2018,Ireland,Together,16,136,Ryan O'Shaughnessy
2018,Ukraine,Under the Ladder,17,130,Mélovin
2018,Netherlands,Outlaw In 'Em,18,121,Waylon
2018,Serbia,Nova Deca,19,113,Sanja Ilić & Balkanika
2018,Australia,We Got Love,20,99,Jessica Mauboy
2018,Hungary,Viszlát Nyár,21,93,AWS
2018,Slovenia,"Hvala, ne!",22,64,Lea Sirk
2018,Spain,Tu Canción,23,61,Amaia & Alfred
2018,United Kingdom,Storm,24,48,SuRie
2018,Finland,Monsters,25,46,Saara Aalto
2018,Portugal,O Jardim,26,39,Cláudia Pascoal
2019,Netherlands,Arcade,1,498,Duncan Laurence
2019,Italy,Soldi,2,472,Mahmood
2019,Russia,Scream,3,370,Sergey Lazarev
2019,Switzerland,She Got Me,4,364,Luca Hänni
2019,Sweden,Too Late for Love,5,334,John Lundvik
2019,Norway,Spirit in the Sky,6,331,KEiiNO
2019,North Macedonia,Proud,7,305,Tamara Todevska
2019,Azerbaijan,Truth,8,302,Chingiz
2019,Australia,Zero Gravity,9,284,Kate Miller-Heidke
2019,Iceland,Hatrið mun sigra,10,232,Hatari
2019,Czech Republic,Friend of a Friend,11,157,Lake Malawi
2019,Denmark,Love Is Forever,12,120,Leonora
2019,Cyprus,Replay,13,109,Tamta
2019,Malta,Chameleon,14,107,Michela Pace
2019,Slovenia,Sebi,15,105,Zala Kralj & Gašper Šantl
2019,France,Roi,16,105,Bilal Hassani
2019,Albania,Ktheju Tokës,17,90,Jonida Maliqi
2019,Serbia,Kruna,18,89,Nevena Božović
2019,San Marino,Say Na Na Na,19,77,Serhat
2019,Estonia,Storm,20,76,Victor Crone
2019,Greece,Better Love,21,74,Katerine Duska
2019,Spain,La Venda,22,54,Miki
2019,Israel,Home,23,35,Kobi Marimi
2019,Belarus,Like It,24,31,Zena
2019,Germany,Sister,25,24,S!sters
2019,United Kingdom,Bigger Than Us,26,11,Michael Rice
